user_id,product_id,rating,timestamp
1,39,4,1704067200
1,57,5,1704070800
1,35,5,1704074400
1,60,5,1704078000
1,75,5,1704081600
1,99,2,1704085200
1,32,2,1704088800
1,83,4,1704092400
1,72,3,1704096000
1,63,4,1704099600
1,10,4,1704103200
1,36,4,1704106800
1,20,5,1704110400
1,3,5,1704114000
1,64,4,1704117600
1,76,5,1704121200
1,91,4,1704124800
1,78,5,1704128400
1,58,2,1704132000
1,12,5,1704135600
1,27,5,1704139200
1,15,4,1704142800
1,21,3,1704146400
1,7,4,1704150000
1,22,3,1704153600
1,24,3,1704157200
1,67,4,1704160800
1,77,4,1704164400
1,90,5,1704168000
1,37,5,1704171600
1,92,4,1704175200
1,71,4,1704178800
1,70,2,1704182400
1,18,5,1704186000
1,100,4,1704189600
1,54,5,1704193200
1,66,5,1704196800
1,40,4,1704200400
1,42,2,1704204000
1,94,5,1704207600
1,89,5,1704211200
1,4,3,1704214800
1,11,3,1704218400
1,51,5,1704222000
1,79,3,1704225600
1,49,5,1704229200
1,62,4,1704232800
1,13,2,1704236400
1,61,5,1704240000
1,25,4,1704243600
1,59,4,1704247200
1,69,2,1704250800
1,9,1,1704254400
2,70,4,1704258000
2,67,2,1704261600
2,56,4,1704265200
2,64,5,1704268800
2,31,3,1704272400
2,62,5,1704276000
2,43,3,1704279600
2,30,4,1704283200
2,23,2,1704286800
2,44,4,1704290400
2,16,5,1704294000
2,71,4,1704297600
2,58,5,1704301200
2,54,5,1704304800
2,83,5,1704308400
2,45,3,1704312000
2,34,4,1704315600
2,20,3,1704319200
2,29,5,1704322800
2,65,5,1704326400
2,12,4,1704330000
2,5,5,1704333600
2,53,4,1704337200
2,17,4,1704340800
2,73,2,1704344400
2,40,5,1704348000
2,51,2,1704351600
2,52,5,1704355200
2,6,5,1704358800
2,27,5,1704362400
2,1,1,1704366000
2,8,4,1704369600
2,57,3,1704373200
2,66,4,1704376800
2,90,2,1704380400
2,75,5,1704384000
3,27,2,1704387600
3,58,5,1704391200
3,73,2,1704394800
3,37,4,1704398400
3,57,5,1704402000
3,92,5,1704405600
3,81,4,1704409200
3,59,4,1704412800
3,50,4,1704416400
3,74,4,1704420000
3,9,4,1704423600
3,87,2,1704427200
3,48,5,1704430800
3,17,4,1704434400
3,94,3,1704438000
3,77,4,1704441600
3,29,4,1704445200
3,63,5,1704448800
3,39,5,1704452400
3,88,5,1704456000
3,5,1,1704459600
3,24,4,1704463200
3,19,4,1704466800
4,31,4,1704470400
4,57,5,1704474000
4,30,5,1704477600
4,47,3,1704481200
4,59,5,1704484800
4,25,5,1704488400
4,6,1,1704492000
4,62,3,1704495600
4,76,3,1704499200
4,77,2,1704502800
4,18,5,1704506400
4,80,4,1704510000
4,12,5,1704513600
4,16,4,1704517200
4,7,2,1704520800
4,27,4,1704524400
4,86,2,1704528000
4,95,4,1704531600
4,4,5,1704535200
4,14,4,1704538800
4,49,4,1704542400
4,72,3,1704546000
4,20,1,1704549600
4,88,2,1704553200
4,44,4,1704556800
4,51,2,1704560400
4,3,4,1704564000
4,67,4,1704567600
4,61,4,1704571200
4,35,3,1704574800
4,70,3,1704578400
4,54,5,1704582000
4,37,5,1704585600
4,84,4,1704589200
4,66,1,1704592800
4,46,5,1704596400
4,43,5,1704600000
4,97,4,1704603600
4,89,5,1704607200
4,94,3,1704610800
4,19,4,1704614400
4,24,4,1704618000
4,23,3,1704621600
4,93,5,1704625200
4,15,5,1704628800
4,96,4,1704632400
4,22,3,1704636000
4,8,2,1704639600
4,74,4,1704643200
4,83,5,1704646800
4,28,3,1704650400
4,75,4,1704654000
5,49,3,1704657600
5,71,5,1704661200
5,55,4,1704664800
5,90,2,1704668400
5,59,2,1704672000
5,92,4,1704675600
5,86,5,1704679200
5,35,5,1704682800
5,15,5,1704686400
5,78,4,1704690000
5,75,4,1704693600
5,73,2,1704697200
5,18,4,1704700800
5,62,4,1704704400
5,51,2,1704708000
5,33,3,1704711600
5,57,4,1704715200
5,83,5,1704718800
5,53,5,1704722400
5,81,5,1704726000
5,28,4,1704729600
5,45,4,1704733200
5,60,4,1704736800
5,7,5,1704740400
5,74,2,1704744000
5,32,4,1704747600
5,66,5,1704751200
6,29,4,1704754800
6,94,5,1704758400
6,89,5,1704762000
6,32,3,1704765600
6,33,1,1704769200
6,17,5,1704772800
6,88,4,1704776400
6,93,2,1704780000
6,23,5,1704783600
6,2,4,1704787200
6,73,5,1704790800
6,40,3,1704794400
6,76,4,1704798000
6,99,4,1704801600
6,45,5,1704805200
6,8,4,1704808800
6,12,4,1704812400
6,53,3,1704816000
6,66,5,1704819600
6,52,4,1704823200
6,84,2,1704826800
6,47,5,1704830400
6,11,3,1704834000
6,67,2,1704837600
6,68,5,1704841200
7,75,4,1704844800
7,34,3,1704848400
7,89,1,1704852000
7,70,4,1704855600
7,62,4,1704859200
7,96,5,1704862800
7,17,5,1704866400
7,95,2,1704870000
7,54,5,1704873600
7,47,3,1704877200
7,13,5,1704880800
7,33,5,1704884400
7,48,4,1704888000
7,98,5,1704891600
7,22,4,1704895200
7,67,4,1704898800
7,45,5,1704902400
7,80,4,1704906000
7,29,4,1704909600
7,4,4,1704913200
7,73,5,1704916800
7,31,4,1704920400
7,90,3,1704924000
7,74,5,1704927600
7,30,5,1704931200
7,65,2,1704934800
7,77,3,1704938400
7,1,2,1704942000
7,61,4,1704945600
7,46,4,1704949200
7,57,5,1704952800
7,69,5,1704956400
7,81,4,1704960000
7,35,4,1704963600
7,71,5,1704967200
7,16,4,1704970800
7,87,5,1704974400
7,2,4,1704978000
7,55,2,1704981600
7,83,5,1704985200
7,85,4,1704988800
7,18,5,1704992400
7,78,2,1704996000
7,82,3,1704999600
7,9,5,1705003200
7,53,3,1705006800
7,100,5,1705010400
7,37,3,1705014000
7,36,4,1705017600
7,41,5,1705021200
7,99,4,1705024800
7,24,4,1705028400
7,8,3,1705032000
8,10,2,1705035600
8,7,4,1705039200
8,89,3,1705042800
8,37,3,1705046400
8,27,5,1705050000
8,15,4,1705053600
8,31,5,1705057200
8,54,4,1705060800
8,88,5,1705064400
8,58,2,1705068000
8,94,3,1705071600
8,74,5,1705075200
8,49,5,1705078800
8,13,3,1705082400
8,65,3,1705086000
8,1,4,1705089600
8,83,5,1705093200
8,61,3,1705096800
8,44,4,1705100400
8,20,5,1705104000
8,32,1,1705107600
8,5,1,1705111200
8,24,4,1705114800
8,21,5,1705118400
8,18,3,1705122000
8,69,4,1705125600
8,66,4,1705129200
8,70,4,1705132800
8,12,4,1705136400
8,34,4,1705140000
8,71,4,1705143600
8,43,4,1705147200
8,29,4,1705150800
8,16,4,1705154400
8,73,5,1705158000
8,2,1,1705161600
8,8,5,1705165200
8,67,5,1705168800
8,90,3,1705172400
8,4,4,1705176000
8,50,4,1705179600
8,86,3,1705183200
8,41,4,1705186800
8,81,1,1705190400
8,11,3,1705194000
8,56,5,1705197600
8,92,3,1705201200
8,33,5,1705204800
8,64,4,1705208400
9,75,5,1705212000
9,24,5,1705215600
9,79,4,1705219200
9,31,4,1705222800
9,37,4,1705226400
9,21,4,1705230000
9,65,4,1705233600
9,59,5,1705237200
9,44,5,1705240800
9,42,4,1705244400
9,57,3,1705248000
9,7,4,1705251600
9,22,2,1705255200
9,26,5,1705258800
9,4,4,1705262400
9,32,3,1705266000
9,86,1,1705269600
9,38,4,1705273200
9,35,4,1705276800
9,5,4,1705280400
9,56,2,1705284000
9,96,4,1705287600
9,23,4,1705291200
9,89,5,1705294800
9,48,4,1705298400
9,34,4,1705302000
9,58,3,1705305600
9,43,5,1705309200
9,17,4,1705312800
9,78,5,1705316400
9,92,2,1705320000
9,74,4,1705323600
9,16,1,1705327200
9,62,4,1705330800
9,52,5,1705334400
9,60,4,1705338000
9,27,1,1705341600
9,6,1,1705345200
9,81,4,1705348800
9,3,3,1705352400
9,63,1,1705356000
9,54,5,1705359600
9,9,4,1705363200
9,70,3,1705366800
9,14,5,1705370400
9,50,2,1705374000
9,97,5,1705377600
9,93,4,1705381200
9,53,5,1705384800
9,10,4,1705388400
9,100,5,1705392000
9,29,5,1705395600
9,2,3,1705399200
10,2,5,1705402800
10,57,3,1705406400
10,40,5,1705410000
10,95,5,1705413600
10,60,5,1705417200
10,74,1,1705420800
10,16,5,1705424400
10,35,4,1705428000
10,10,4,1705431600
10,31,4,1705435200
10,79,5,1705438800
10,99,4,1705442400
10,97,5,1705446000
10,9,4,1705449600
10,56,5,1705453200
10,88,5,1705456800
10,76,3,1705460400
10,7,5,1705464000
10,4,2,1705467600
10,30,1,1705471200
10,38,1,1705474800
10,84,4,1705478400
10,50,4,1705482000
10,14,2,1705485600
10,61,1,1705489200
10,29,5,1705492800
10,43,5,1705496400
10,18,5,1705500000
10,90,5,1705503600
10,25,5,1705507200
10,70,2,1705510800
11,71,2,1705514400
11,98,4,1705518000
11,54,5,1705521600
11,92,4,1705525200
11,57,5,1705528800
11,29,5,1705532400
11,97,4,1705536000
11,35,4,1705539600
11,5,5,1705543200
11,26,5,1705546800
11,37,2,1705550400
11,81,1,1705554000
11,69,4,1705557600
11,42,5,1705561200
11,7,5,1705564800
11,63,5,1705568400
11,6,2,1705572000
11,43,3,1705575600
11,38,5,1705579200
11,50,3,1705582800
11,86,3,1705586400
11,100,2,1705590000
11,11,5,1705593600
11,94,5,1705597200
11,64,3,1705600800
11,51,4,1705604400
11,2,4,1705608000
11,85,5,1705611600
11,33,2,1705615200
11,12,4,1705618800
11,18,4,1705622400
11,44,5,1705626000
11,49,4,1705629600
11,58,2,1705633200
11,96,4,1705636800
11,89,5,1705640400
11,52,1,1705644000
12,58,5,1705647600
12,97,5,1705651200
12,39,4,1705654800
12,32,4,1705658400
12,80,4,1705662000
12,59,2,1705665600
12,42,3,1705669200
12,40,3,1705672800
12,33,4,1705676400
12,85,5,1705680000
12,30,4,1705683600
12,11,2,1705687200
12,41,5,1705690800
12,50,5,1705694400
12,23,5,1705698000
12,4,5,1705701600
12,19,4,1705705200
12,68,5,1705708800
12,99,2,1705712400
12,6,4,1705716000
12,5,3,1705719600
13,20,3,1705723200
13,59,4,1705726800
13,89,5,1705730400
13,91,4,1705734000
13,1,1,1705737600
13,9,1,1705741200
13,66,4,1705744800
13,24,5,1705748400
13,58,3,1705752000
13,85,4,1705755600
13,7,3,1705759200
13,41,4,1705762800
13,34,5,1705766400
13,39,5,1705770000
13,36,2,1705773600
13,32,4,1705777200
13,80,1,1705780800
13,2,4,1705784400
13,62,5,1705788000
13,79,2,1705791600
13,35,3,1705795200
13,74,4,1705798800
13,100,5,1705802400
13,67,5,1705806000
13,37,1,1705809600
13,69,5,1705813200
13,23,4,1705816800
13,19,4,1705820400
13,81,5,1705824000
13,97,5,1705827600
13,64,5,1705831200
13,40,4,1705834800
13,12,4,1705838400
13,76,5,1705842000
13,4,3,1705845600
13,16,4,1705849200
13,51,4,1705852800
13,88,5,1705856400
13,55,3,1705860000
13,42,3,1705863600
13,56,5,1705867200
13,93,2,1705870800
13,17,4,1705874400
13,90,3,1705878000
13,48,1,1705881600
13,43,1,1705885200
13,95,3,1705888800
13,44,5,1705892400
13,8,3,1705896000
13,29,5,1705899600
13,63,4,1705903200
13,73,4,1705906800
13,3,4,1705910400
13,30,4,1705914000
13,78,5,1705917600
13,13,3,1705921200
13,86,4,1705924800
13,96,5,1705928400
14,45,4,1705932000
14,44,3,1705935600
14,18,3,1705939200
14,69,2,1705942800
14,35,5,1705946400
14,59,2,1705950000
14,71,2,1705953600
14,42,5,1705957200
14,89,4,1705960800
14,55,1,1705964400
14,85,2,1705968000
14,66,2,1705971600
14,88,3,1705975200
14,83,5,1705978800
14,50,3,1705982400
14,58,2,1705986000
14,29,5,1705989600
14,11,5,1705993200
14,100,4,1705996800
14,9,4,1706000400
14,2,4,1706004000
15,21,4,1706007600
15,91,3,1706011200
15,24,4,1706014800
15,67,2,1706018400
15,46,4,1706022000
15,31,4,1706025600
15,99,5,1706029200
15,71,4,1706032800
15,41,4,1706036400
15,30,5,1706040000
15,26,2,1706043600
15,25,4,1706047200
15,42,3,1706050800
15,81,5,1706054400
15,63,2,1706058000
15,9,4,1706061600
15,10,5,1706065200
15,52,4,1706068800
15,88,2,1706072400
15,73,4,1706076000
15,84,4,1706079600
15,38,5,1706083200
15,93,4,1706086800
15,70,4,1706090400
15,75,4,1706094000
15,1,5,1706097600
15,86,4,1706101200
15,60,4,1706104800
15,100,3,1706108400
15,66,1,1706112000
15,92,3,1706115600
15,36,2,1706119200
15,79,4,1706122800
15,53,4,1706126400
15,80,3,1706130000
15,39,5,1706133600
15,85,1,1706137200
15,28,5,1706140800
15,45,4,1706144400
15,48,4,1706148000
16,72,5,1706151600
16,29,4,1706155200
16,75,4,1706158800
16,76,4,1706162400
16,37,5,1706166000
16,60,2,1706169600
16,88,5,1706173200
16,58,3,1706176800
16,70,4,1706180400
16,2,1,1706184000
16,21,4,1706187600
16,64,4,1706191200
16,63,2,1706194800
16,31,4,1706198400
16,66,5,1706202000
16,12,2,1706205600
16,22,5,1706209200
16,96,4,1706212800
16,99,5,1706216400
16,55,3,1706220000
16,94,3,1706223600
16,97,3,1706227200
16,59,2,1706230800
16,80,3,1706234400
16,89,5,1706238000
16,8,5,1706241600
16,14,5,1706245200
16,71,5,1706248800
16,24,2,1706252400
16,57,3,1706256000
16,91,4,1706259600
16,84,3,1706263200
16,82,4,1706266800
16,44,4,1706270400
16,13,4,1706274000
16,69,4,1706277600
16,51,5,1706281200
16,90,5,1706284800
16,30,4,1706288400
16,18,5,1706292000
16,16,5,1706295600
16,62,4,1706299200
16,78,4,1706302800
16,3,4,1706306400
16,11,5,1706310000
16,61,5,1706313600
16,34,2,1706317200
16,92,4,1706320800
16,67,4,1706324400
16,5,4,1706328000
16,87,3,1706331600
16,33,5,1706335200
16,56,5,1706338800
16,52,5,1706342400
16,85,5,1706346000
16,47,5,1706349600
16,23,4,1706353200
16,53,4,1706356800
16,95,3,1706360400
17,8,3,1706364000
17,31,3,1706367600
17,100,1,1706371200
17,4,4,1706374800
17,96,3,1706378400
17,91,5,1706382000
17,41,5,1706385600
17,82,4,1706389200
17,90,5,1706392800
17,86,4,1706396400
17,2,4,1706400000
17,68,5,1706403600
17,56,3,1706407200
17,63,5,1706410800
17,14,1,1706414400
17,38,4,1706418000
17,20,2,1706421600
17,12,5,1706425200
17,92,4,1706428800
17,97,5,1706432400
17,27,4,1706436000
17,93,4,1706439600
17,37,1,1706443200
17,70,4,1706446800
17,89,5,1706450400
17,35,4,1706454000
17,16,5,1706457600
17,72,5,1706461200
17,65,4,1706464800
17,77,4,1706468400
17,21,2,1706472000
17,49,2,1706475600
17,79,1,1706479200
17,58,4,1706482800
17,25,4,1706486400
17,44,4,1706490000
17,55,4,1706493600
17,43,4,1706497200
17,3,5,1706500800
17,95,5,1706504400
17,5,1,1706508000
17,60,3,1706511600
17,7,5,1706515200
17,94,4,1706518800
17,26,5,1706522400
17,71,4,1706526000
17,76,4,1706529600
17,53,3,1706533200
17,52,3,1706536800
17,57,4,1706540400
17,64,4,1706544000
18,17,1,1706547600
18,95,4,1706551200
18,91,5,1706554800
18,48,4,1706558400
18,25,4,1706562000
18,34,5,1706565600
18,9,3,1706569200
18,30,1,1706572800
18,41,5,1706576400
18,77,4,1706580000
18,31,5,1706583600
18,19,1,1706587200
18,26,5,1706590800
18,69,4,1706594400
18,80,4,1706598000
18,43,4,1706601600
18,78,5,1706605200
18,29,4,1706608800
18,85,4,1706612400
18,87,5,1706616000
18,56,5,1706619600
18,53,4,1706623200
18,68,5,1706626800
18,35,4,1706630400
18,90,3,1706634000
18,74,4,1706637600
18,14,5,1706641200
18,60,5,1706644800
18,99,4,1706648400
18,5,4,1706652000
18,51,3,1706655600
18,3,5,1706659200
18,49,5,1706662800
18,72,4,1706666400
18,47,5,1706670000
18,55,5,1706673600
18,81,4,1706677200
18,66,2,1706680800
18,89,4,1706684400
18,63,5,1706688000
19,91,5,1706691600
19,79,2,1706695200
19,42,4,1706698800
19,18,4,1706702400
19,6,5,1706706000
19,94,3,1706709600
19,84,2,1706713200
19,88,1,1706716800
19,98,3,1706720400
19,55,3,1706724000
19,52,4,1706727600
19,90,3,1706731200
19,60,1,1706734800
19,35,5,1706738400
19,25,4,1706742000
19,1,4,1706745600
19,73,4,1706749200
19,70,5,1706752800
19,58,3,1706756400
19,77,5,1706760000
19,34,5,1706763600
19,45,2,1706767200
19,82,5,1706770800
19,48,3,1706774400
19,10,2,1706778000
19,96,5,1706781600
19,39,5,1706785200
19,19,4,1706788800
19,66,3,1706792400
19,9,4,1706796000
19,31,5,1706799600
19,32,4,1706803200
20,11,3,1706806800
20,21,4,1706810400
20,51,4,1706814000
20,1,2,1706817600
20,42,4,1706821200
20,2,5,1706824800
20,27,1,1706828400
20,33,3,1706832000
20,72,3,1706835600
20,54,3,1706839200
20,7,5,1706842800
20,46,4,1706846400
20,41,4,1706850000
20,66,5,1706853600
20,24,3,1706857200
20,80,4,1706860800
20,74,4,1706864400
20,5,4,1706868000
20,64,5,1706871600
20,12,5,1706875200
20,35,4,1706878800
20,10,5,1706882400
20,34,3,1706886000
20,67,1,1706889600
20,91,3,1706893200
20,43,4,1706896800
20,47,4,1706900400
20,23,4,1706904000
20,70,5,1706907600
20,52,4,1706911200
20,29,4,1706914800
20,88,2,1706918400
20,94,1,1706922000
20,36,4,1706925600
20,90,4,1706929200
20,3,5,1706932800
20,30,3,1706936400
20,28,1,1706940000
21,45,5,1706943600
21,7,3,1706947200
21,25,5,1706950800
21,29,5,1706954400
21,58,4,1706958000
21,69,5,1706961600
21,20,3,1706965200
21,71,3,1706968800
21,5,2,1706972400
21,74,4,1706976000
21,100,5,1706979600
21,87,5,1706983200
21,77,4,1706986800
21,34,5,1706990400
21,30,5,1706994000
21,31,3,1706997600
21,94,4,1707001200
21,10,2,1707004800
21,3,5,1707008400
21,59,5,1707012000
21,47,2,1707015600
21,14,5,1707019200
21,39,4,1707022800
21,46,4,1707026400
21,97,4,1707030000
21,99,4,1707033600
21,91,1,1707037200
21,44,3,1707040800
21,75,1,1707044400
21,53,4,1707048000
21,86,2,1707051600
21,16,5,1707055200
21,24,4,1707058800
21,93,5,1707062400
21,89,4,1707066000
21,33,4,1707069600
21,18,5,1707073200
21,1,2,1707076800
21,60,3,1707080400
21,81,5,1707084000
21,35,2,1707087600
21,67,2,1707091200
21,48,4,1707094800
21,41,2,1707098400
21,88,4,1707102000
21,82,3,1707105600
21,13,5,1707109200
21,36,5,1707112800
22,70,3,1707116400
22,9,2,1707120000
22,44,4,1707123600
22,94,4,1707127200
22,43,5,1707130800
22,10,5,1707134400
22,2,2,1707138000
22,84,4,1707141600
22,16,3,1707145200
22,28,3,1707148800
22,98,5,1707152400
22,80,1,1707156000
22,37,4,1707159600
22,75,3,1707163200
22,3,5,1707166800
22,33,4,1707170400
22,19,3,1707174000
22,97,4,1707177600
22,49,5,1707181200
22,12,5,1707184800
22,7,3,1707188400
22,66,5,1707192000
22,24,5,1707195600
22,50,5,1707199200
22,85,4,1707202800
22,57,4,1707206400
22,4,4,1707210000
22,29,5,1707213600
22,18,4,1707217200
22,99,5,1707220800
22,32,4,1707224400
22,71,5,1707228000
22,20,5,1707231600
22,36,2,1707235200
22,41,5,1707238800
22,88,4,1707242400
22,83,5,1707246000
22,25,4,1707249600
22,23,4,1707253200
22,69,5,1707256800
22,5,3,1707260400
22,53,5,1707264000
22,81,4,1707267600
22,82,4,1707271200
22,100,4,1707274800
22,27,4,1707278400
22,15,4,1707282000
22,67,1,1707285600
22,74,3,1707289200
22,78,1,1707292800
22,46,5,1707296400
22,35,5,1707300000
22,6,4,1707303600
22,45,5,1707307200
23,40,4,1707310800
23,90,5,1707314400
23,100,4,1707318000
23,1,3,1707321600
23,20,3,1707325200
23,89,3,1707328800
23,78,5,1707332400
23,29,4,1707336000
23,71,5,1707339600
23,80,4,1707343200
23,33,4,1707346800
23,19,2,1707350400
23,52,3,1707354000
23,38,5,1707357600
23,79,4,1707361200
23,36,4,1707364800
23,93,5,1707368400
23,98,3,1707372000
23,5,5,1707375600
24,15,3,1707379200
24,84,5,1707382800
24,74,3,1707386400
24,30,4,1707390000
24,69,5,1707393600
24,85,3,1707397200
24,14,2,1707400800
24,80,2,1707404400
24,65,4,1707408000
24,29,5,1707411600
24,6,1,1707415200
24,76,5,1707418800
24,27,4,1707422400
24,94,4,1707426000
24,51,5,1707429600
24,25,4,1707433200
24,3,4,1707436800
24,13,1,1707440400
24,83,2,1707444000
24,23,3,1707447600
24,18,1,1707451200
24,8,4,1707454800
24,81,4,1707458400
24,71,4,1707462000
24,41,3,1707465600
24,77,3,1707469200
24,48,5,1707472800
24,40,5,1707476400
24,92,2,1707480000
24,49,5,1707483600
24,60,4,1707487200
24,45,4,1707490800
24,97,4,1707494400
24,47,2,1707498000
24,55,2,1707501600
24,28,4,1707505200
24,67,4,1707508800
24,33,5,1707512400
24,56,4,1707516000
24,86,2,1707519600
24,12,5,1707523200
24,26,3,1707526800
24,96,4,1707530400
24,87,5,1707534000
24,21,5,1707537600
24,11,5,1707541200
24,1,5,1707544800
24,72,5,1707548400
24,43,5,1707552000
24,66,3,1707555600
25,18,3,1707559200
25,56,4,1707562800
25,88,4,1707566400
25,80,3,1707570000
25,10,3,1707573600
25,85,3,1707577200
25,89,5,1707580800
25,36,5,1707584400
25,96,5,1707588000
25,28,5,1707591600
25,60,4,1707595200
25,58,2,1707598800
25,83,1,1707602400
25,30,3,1707606000
25,49,5,1707609600
25,55,4,1707613200
25,4,3,1707616800
25,7,4,1707620400
25,9,4,1707624000
25,97,5,1707627600
25,33,3,1707631200
25,50,5,1707634800
25,92,4,1707638400
25,57,2,1707642000
25,75,5,1707645600
25,47,2,1707649200
25,37,5,1707652800
25,19,5,1707656400
25,42,5,1707660000
25,34,5,1707663600
25,72,4,1707667200
25,64,5,1707670800
25,98,4,1707674400
25,51,5,1707678000
25,99,5,1707681600
25,73,5,1707685200
25,38,5,1707688800
25,53,4,1707692400
25,3,5,1707696000
25,52,4,1707699600
25,67,5,1707703200
25,91,5,1707706800
25,26,4,1707710400
25,65,4,1707714000
25,48,4,1707717600
25,24,5,1707721200
26,37,1,1707724800
26,20,5,1707728400
26,46,2,1707732000
26,98,5,1707735600
26,73,3,1707739200
26,15,2,1707742800
26,23,4,1707746400
26,40,4,1707750000
26,69,4,1707753600
26,84,2,1707757200
26,75,4,1707760800
26,5,5,1707764400
26,3,4,1707768000
26,49,3,1707771600
26,39,4,1707775200
26,66,1,1707778800
26,92,5,1707782400
26,48,5,1707786000
26,6,4,1707789600
26,13,4,1707793200
26,56,5,1707796800
26,55,4,1707800400
26,21,5,1707804000
26,42,4,1707807600
26,68,5,1707811200
26,85,4,1707814800
26,12,4,1707818400
26,2,5,1707822000
26,11,4,1707825600
26,76,4,1707829200
26,44,3,1707832800
26,59,4,1707836400
26,82,4,1707840000
26,58,3,1707843600
26,62,2,1707847200
26,72,4,1707850800
26,31,5,1707854400
26,95,4,1707858000
26,16,3,1707861600
26,96,5,1707865200
26,28,2,1707868800
26,18,4,1707872400
27,95,5,1707876000
27,69,3,1707879600
27,31,4,1707883200
27,11,4,1707886800
27,40,5,1707890400
27,30,3,1707894000
27,97,5,1707897600
27,58,4,1707901200
27,90,5,1707904800
27,53,4,1707908400
27,61,4,1707912000
27,59,5,1707915600
27,21,5,1707919200
27,66,5,1707922800
27,70,2,1707926400
27,33,5,1707930000
27,73,2,1707933600
28,73,3,1707937200
28,78,3,1707940800
28,91,5,1707944400
28,5,4,1707948000
28,86,4,1707951600
28,10,4,1707955200
28,88,4,1707958800
28,8,2,1707962400
28,15,5,1707966000
28,12,3,1707969600
28,82,5,1707973200
28,94,5,1707976800
28,59,5,1707980400
28,93,4,1707984000
28,58,1,1707987600
28,34,4,1707991200
28,36,4,1707994800
28,52,4,1707998400
28,32,5,1708002000
28,4,4,1708005600
28,29,3,1708009200
28,76,3,1708012800
28,49,4,1708016400
28,69,4,1708020000
28,70,5,1708023600
28,75,5,1708027200
28,19,5,1708030800
28,24,5,1708034400
28,1,5,1708038000
28,33,1,1708041600
28,95,5,1708045200
28,67,3,1708048800
28,3,2,1708052400
28,66,4,1708056000
28,14,4,1708059600
28,98,2,1708063200
28,39,2,1708066800
28,11,1,1708070400
28,90,5,1708074000
28,83,1,1708077600
28,2,3,1708081200
28,41,4,1708084800
28,79,4,1708088400
28,17,5,1708092000
28,92,1,1708095600
28,37,4,1708099200
28,62,5,1708102800
28,96,5,1708106400
28,13,4,1708110000
29,37,5,1708113600
29,91,3,1708117200
29,46,2,1708120800
29,77,3,1708124400
29,5,5,1708128000
29,71,5,1708131600
29,32,4,1708135200
29,76,4,1708138800
29,4,4,1708142400
29,44,4,1708146000
29,12,4,1708149600
29,39,5,1708153200
29,73,5,1708156800
29,1,5,1708160400
29,65,5,1708164000
29,9,4,1708167600
29,96,4,1708171200
29,22,5,1708174800
29,82,5,1708178400
29,48,2,1708182000
29,21,4,1708185600
29,84,2,1708189200
29,66,4,1708192800
29,79,4,1708196400
29,38,4,1708200000
29,33,2,1708203600
29,3,4,1708207200
29,56,5,1708210800
29,87,3,1708214400
29,53,5,1708218000
29,92,4,1708221600
29,26,5,1708225200
29,11,2,1708228800
29,41,5,1708232400
29,97,4,1708236000
29,43,5,1708239600
29,98,5,1708243200
29,61,3,1708246800
29,99,2,1708250400
29,57,3,1708254000
29,24,4,1708257600
29,6,3,1708261200
29,80,3,1708264800
29,36,4,1708268400
29,34,1,1708272000
29,10,2,1708275600
29,27,4,1708279200
29,83,2,1708282800
29,100,4,1708286400
29,45,4,1708290000
29,17,4,1708293600
29,42,5,1708297200
29,19,4,1708300800
30,56,3,1708304400
30,47,2,1708308000
30,5,3,1708311600
30,90,4,1708315200
30,97,3,1708318800
30,40,4,1708322400
30,46,4,1708326000
30,87,5,1708329600
30,25,5,1708333200
30,82,4,1708336800
30,26,4,1708340400
30,54,2,1708344000
30,52,5,1708347600
30,12,2,1708351200
30,19,3,1708354800
30,72,3,1708358400
30,21,4,1708362000
30,11,3,1708365600
30,67,5,1708369200
30,77,2,1708372800
30,14,4,1708376400
30,53,2,1708380000
30,99,2,1708383600
30,70,5,1708387200
30,48,3,1708390800
30,8,5,1708394400
30,31,4,1708398000
30,10,2,1708401600
30,49,5,1708405200
30,68,3,1708408800
30,71,5,1708412400
30,3,3,1708416000
30,91,5,1708419600
30,30,1,1708423200
31,24,2,1708426800
31,63,5,1708430400
31,30,4,1708434000
31,52,5,1708437600
31,80,1,1708441200
31,76,5,1708444800
31,42,4,1708448400
31,47,2,1708452000
31,86,4,1708455600
31,90,3,1708459200
31,8,4,1708462800
31,25,2,1708466400
31,41,2,1708470000
31,55,3,1708473600
31,21,2,1708477200
31,73,5,1708480800
31,95,1,1708484400
31,4,4,1708488000
31,51,2,1708491600
31,98,4,1708495200
31,83,5,1708498800
31,28,3,1708502400
31,85,5,1708506000
31,20,3,1708509600
31,81,5,1708513200
31,72,4,1708516800
31,9,5,1708520400
31,37,4,1708524000
31,11,4,1708527600
31,69,3,1708531200
32,41,5,1708534800
32,23,5,1708538400
32,89,4,1708542000
32,30,3,1708545600
32,38,5,1708549200
32,32,4,1708552800
32,97,5,1708556400
32,85,5,1708560000
32,61,5,1708563600
32,5,4,1708567200
32,48,4,1708570800
32,22,4,1708574400
32,100,2,1708578000
32,21,5,1708581600
32,74,2,1708585200
32,31,4,1708588800
32,18,5,1708592400
32,44,4,1708596000
32,72,4,1708599600
32,12,4,1708603200
32,71,5,1708606800
32,2,4,1708610400
32,11,5,1708614000
32,93,2,1708617600
32,86,5,1708621200
32,67,5,1708624800
32,43,3,1708628400
32,13,4,1708632000
32,50,3,1708635600
32,34,5,1708639200
32,51,4,1708642800
32,37,4,1708646400
32,58,3,1708650000
32,68,3,1708653600
33,45,2,1708657200
33,5,1,1708660800
33,87,4,1708664400
33,54,5,1708668000
33,31,3,1708671600
33,83,4,1708675200
33,32,1,1708678800
33,3,4,1708682400
33,28,4,1708686000
33,77,4,1708689600
33,76,4,1708693200
33,37,4,1708696800
33,15,2,1708700400
33,60,4,1708704000
33,95,2,1708707600
33,16,5,1708711200
33,49,5,1708714800
33,52,5,1708718400
33,89,5,1708722000
33,25,4,1708725600
33,59,5,1708729200
33,33,3,1708732800
33,27,4,1708736400
33,40,4,1708740000
33,75,4,1708743600
33,18,5,1708747200
33,74,3,1708750800
33,84,4,1708754400
33,71,5,1708758000
33,94,2,1708761600
33,43,4,1708765200
33,50,5,1708768800
33,66,4,1708772400
33,46,4,1708776000
33,26,3,1708779600
34,17,1,1708783200
34,91,3,1708786800
34,55,4,1708790400
34,38,4,1708794000
34,66,3,1708797600
34,8,3,1708801200
34,19,5,1708804800
34,93,5,1708808400
34,35,1,1708812000
34,81,4,1708815600
34,61,4,1708819200
34,65,3,1708822800
34,98,4,1708826400
34,51,4,1708830000
34,18,5,1708833600
34,47,5,1708837200
34,34,4,1708840800
34,10,5,1708844400
34,69,3,1708848000
34,49,4,1708851600
34,57,4,1708855200
34,14,2,1708858800
34,89,3,1708862400
34,42,3,1708866000
34,100,5,1708869600
34,24,3,1708873200
34,72,3,1708876800
34,20,4,1708880400
34,22,5,1708884000
34,92,2,1708887600
34,63,5,1708891200
34,9,5,1708894800
34,67,4,1708898400
34,33,5,1708902000
34,56,1,1708905600
34,12,4,1708909200
34,25,5,1708912800
34,31,2,1708916400
34,43,3,1708920000
34,46,4,1708923600
34,59,3,1708927200
34,30,5,1708930800
34,85,2,1708934400
35,65,5,1708938000
35,25,4,1708941600
35,71,4,1708945200
35,62,3,1708948800
35,3,5,1708952400
35,47,2,1708956000
35,94,4,1708959600
35,12,3,1708963200
35,22,3,1708966800
35,60,4,1708970400
35,69,5,1708974000
35,54,2,1708977600
35,24,4,1708981200
35,92,2,1708984800
35,29,3,1708988400
35,96,4,1708992000
35,33,4,1708995600
35,85,3,1708999200
35,11,4,1709002800
35,6,2,1709006400
35,98,4,1709010000
35,89,5,1709013600
35,99,5,1709017200
35,26,4,1709020800
35,9,4,1709024400
35,74,5,1709028000
35,50,1,1709031600
35,35,5,1709035200
35,59,5,1709038800
35,97,2,1709042400
35,66,3,1709046000
35,70,5,1709049600
35,1,4,1709053200
35,8,1,1709056800
35,81,3,1709060400
35,87,4,1709064000
35,38,5,1709067600
35,72,5,1709071200
35,46,5,1709074800
35,39,3,1709078400
35,84,4,1709082000
35,41,4,1709085600
35,42,4,1709089200
35,32,3,1709092800
35,10,5,1709096400
36,80,4,1709100000
36,74,4,1709103600
36,21,5,1709107200
36,3,3,1709110800
36,13,5,1709114400
36,97,5,1709118000
36,19,4,1709121600
36,26,2,1709125200
36,54,5,1709128800
36,90,2,1709132400
36,66,4,1709136000
36,86,5,1709139600
36,50,3,1709143200
36,67,5,1709146800
36,40,1,1709150400
36,37,5,1709154000
36,99,4,1709157600
36,45,3,1709161200
36,6,2,1709164800
37,34,5,1709168400
37,65,5,1709172000
37,18,5,1709175600
37,23,2,1709179200
37,58,5,1709182800
37,14,5,1709186400
37,37,5,1709190000
37,1,2,1709193600
37,78,4,1709197200
37,82,5,1709200800
37,64,4,1709204400
37,19,4,1709208000
37,100,4,1709211600
37,31,4,1709215200
37,25,1,1709218800
37,15,4,1709222400
37,8,2,1709226000
37,29,4,1709229600
37,53,3,1709233200
37,61,4,1709236800
37,72,2,1709240400
37,44,5,1709244000
37,80,5,1709247600
37,94,3,1709251200
38,8,2,1709254800
38,22,1,1709258400
38,14,2,1709262000
38,93,5,1709265600
38,89,5,1709269200
38,37,5,1709272800
38,49,4,1709276400
38,82,5,1709280000
38,71,5,1709283600
38,75,4,1709287200
38,95,4,1709290800
38,60,2,1709294400
38,23,5,1709298000
38,96,4,1709301600
38,50,4,1709305200
38,16,5,1709308800
38,87,4,1709312400
38,74,3,1709316000
38,17,4,1709319600
38,65,1,1709323200
38,40,5,1709326800
38,68,4,1709330400
38,32,4,1709334000
38,6,4,1709337600
38,73,4,1709341200
38,34,4,1709344800
38,70,5,1709348400
38,5,5,1709352000
38,10,5,1709355600
38,86,5,1709359200
38,12,3,1709362800
38,30,4,1709366400
38,44,5,1709370000
38,72,4,1709373600
38,63,2,1709377200
38,88,4,1709380800
38,25,2,1709384400
38,43,3,1709388000
38,99,5,1709391600
38,67,4,1709395200
38,81,3,1709398800
38,100,5,1709402400
38,1,5,1709406000
38,18,4,1709409600
38,76,3,1709413200
38,36,5,1709416800
38,55,5,1709420400
38,97,5,1709424000
38,46,5,1709427600
38,57,5,1709431200
38,31,3,1709434800
38,66,5,1709438400
39,63,4,1709442000
39,44,2,1709445600
39,84,3,1709449200
39,8,3,1709452800
39,29,2,1709456400
39,41,4,1709460000
39,31,3,1709463600
39,19,3,1709467200
39,38,2,1709470800
39,94,1,1709474400
39,96,2,1709478000
39,33,3,1709481600
39,98,4,1709485200
39,80,4,1709488800
39,89,2,1709492400
39,14,4,1709496000
40,61,5,1709499600
40,37,4,1709503200
40,46,5,1709506800
40,60,5,1709510400
40,52,3,1709514000
40,36,4,1709517600
40,26,4,1709521200
40,19,2,1709524800
40,53,4,1709528400
40,65,4,1709532000
40,22,5,1709535600
40,23,4,1709539200
40,55,5,1709542800
40,17,4,1709546400
40,21,5,1709550000
40,78,4,1709553600
40,93,5,1709557200
40,80,4,1709560800
40,40,4,1709564400
40,54,4,1709568000
40,24,4,1709571600
40,92,2,1709575200
40,30,2,1709578800
40,27,1,1709582400
40,89,5,1709586000
40,47,3,1709589600
40,77,3,1709593200
40,1,5,1709596800
40,10,4,1709600400
40,71,4,1709604000
40,91,3,1709607600
40,31,5,1709611200
40,35,5,1709614800
40,81,5,1709618400
40,34,4,1709622000
40,8,5,1709625600
40,28,2,1709629200
40,73,1,1709632800
40,94,1,1709636400
40,97,4,1709640000
40,13,4,1709643600
40,99,4,1709647200
40,67,1,1709650800
40,20,4,1709654400
40,95,5,1709658000
40,64,4,1709661600
40,76,5,1709665200
40,38,3,1709668800
40,63,5,1709672400
40,3,4,1709676000
40,90,3,1709679600
41,56,5,1709683200
41,57,5,1709686800
41,32,4,1709690400
41,24,4,1709694000
41,36,1,1709697600
41,59,5,1709701200
41,70,5,1709704800
41,76,2,1709708400
41,60,3,1709712000
41,55,5,1709715600
41,100,4,1709719200
41,64,1,1709722800
41,37,4,1709726400
41,68,4,1709730000
41,8,4,1709733600
41,86,5,1709737200
41,53,5,1709740800
41,72,4,1709744400
41,45,5,1709748000
42,54,3,1709751600
42,42,4,1709755200
42,23,3,1709758800
42,77,5,1709762400
42,4,5,1709766000
42,96,2,1709769600
42,47,5,1709773200
42,74,4,1709776800
42,99,2,1709780400
42,83,4,1709784000
42,15,3,1709787600
42,90,5,1709791200
42,100,5,1709794800
42,29,2,1709798400
42,97,4,1709802000
42,82,5,1709805600
42,14,5,1709809200
42,7,4,1709812800
42,10,5,1709816400
42,70,4,1709820000
43,57,5,1709823600
43,84,3,1709827200
43,96,5,1709830800
43,60,3,1709834400
43,100,4,1709838000
43,36,4,1709841600
43,71,4,1709845200
43,44,5,1709848800
43,47,2,1709852400
43,83,5,1709856000
43,55,4,1709859600
43,80,4,1709863200
43,66,5,1709866800
43,10,5,1709870400
43,45,2,1709874000
43,46,5,1709877600
43,69,2,1709881200
43,52,1,1709884800
43,97,4,1709888400
43,5,5,1709892000
43,94,3,1709895600
43,48,5,1709899200
43,91,3,1709902800
43,51,5,1709906400
43,58,4,1709910000
43,22,5,1709913600
43,13,3,1709917200
43,86,5,1709920800
43,72,5,1709924400
43,42,5,1709928000
43,4,4,1709931600
43,8,5,1709935200
43,63,1,1709938800
43,65,5,1709942400
44,73,4,1709946000
44,13,4,1709949600
44,50,4,1709953200
44,48,5,1709956800
44,25,3,1709960400
44,39,3,1709964000
44,16,5,1709967600
44,3,4,1709971200
44,37,4,1709974800
44,57,3,1709978400
44,19,3,1709982000
44,96,1,1709985600
44,56,2,1709989200
44,51,4,1709992800
44,10,5,1709996400
44,91,3,1710000000
44,71,4,1710003600
44,53,2,1710007200
44,20,4,1710010800
45,29,5,1710014400
45,58,4,1710018000
45,18,3,1710021600
45,12,4,1710025200
45,81,2,1710028800
45,31,2,1710032400
45,49,4,1710036000
45,51,5,1710039600
45,45,5,1710043200
45,41,5,1710046800
45,94,2,1710050400
45,90,5,1710054000
45,71,4,1710057600
45,26,5,1710061200
45,4,5,1710064800
45,52,5,1710068400
45,61,4,1710072000
45,87,5,1710075600
45,96,3,1710079200
45,5,5,1710082800
45,43,3,1710086400
45,21,1,1710090000
45,13,2,1710093600
45,98,5,1710097200
45,65,4,1710100800
45,63,4,1710104400
45,16,5,1710108000
45,47,5,1710111600
45,79,4,1710115200
45,14,3,1710118800
45,36,5,1710122400
45,91,5,1710126000
45,68,4,1710129600
46,89,5,1710133200
46,34,3,1710136800
46,21,5,1710140400
46,94,3,1710144000
46,66,2,1710147600
46,44,5,1710151200
46,1,4,1710154800
46,7,4,1710158400
46,80,3,1710162000
46,4,4,1710165600
46,46,1,1710169200
46,86,2,1710172800
46,64,1,1710176400
46,30,4,1710180000
46,40,4,1710183600
46,69,2,1710187200
46,10,5,1710190800
46,48,3,1710194400
46,51,5,1710198000
46,53,5,1710201600
46,35,5,1710205200
46,81,5,1710208800
46,22,5,1710212400
46,24,4,1710216000
46,68,5,1710219600
46,2,5,1710223200
46,3,4,1710226800
46,56,3,1710230400
46,11,5,1710234000
46,63,5,1710237600
46,45,3,1710241200
46,6,4,1710244800
46,76,5,1710248400
46,84,4,1710252000
46,18,4,1710255600
46,85,5,1710259200
46,32,4,1710262800
46,78,4,1710266400
46,87,5,1710270000
46,9,5,1710273600
46,96,4,1710277200
46,82,4,1710280800
46,90,4,1710284400
46,83,5,1710288000
46,26,2,1710291600
47,89,1,1710295200
47,77,3,1710298800
47,14,4,1710302400
47,40,1,1710306000
47,18,3,1710309600
47,70,5,1710313200
47,41,4,1710316800
47,20,4,1710320400
47,27,4,1710324000
47,51,5,1710327600
47,94,3,1710331200
47,32,5,1710334800
47,22,2,1710338400
47,3,5,1710342000
47,46,4,1710345600
47,60,5,1710349200
47,91,4,1710352800
47,9,4,1710356400
47,59,3,1710360000
47,5,4,1710363600
47,47,5,1710367200
47,53,5,1710370800
47,85,2,1710374400
47,30,4,1710378000
47,42,5,1710381600
47,74,4,1710385200
47,28,5,1710388800
47,50,5,1710392400
47,75,5,1710396000
47,45,4,1710399600
47,33,4,1710403200
47,84,4,1710406800
48,99,4,1710410400
48,20,4,1710414000
48,84,2,1710417600
48,66,2,1710421200
48,16,5,1710424800
48,71,4,1710428400
48,14,4,1710432000
48,52,5,1710435600
48,80,4,1710439200
48,19,5,1710442800
48,59,4,1710446400
48,87,2,1710450000
48,21,5,1710453600
48,72,4,1710457200
48,86,5,1710460800
48,4,3,1710464400
48,76,4,1710468000
48,34,5,1710471600
48,68,1,1710475200
48,30,5,1710478800
48,62,4,1710482400
48,83,4,1710486000
48,3,4,1710489600
48,60,5,1710493200
48,53,1,1710496800
48,2,3,1710500400
48,10,5,1710504000
49,25,5,1710507600
49,33,5,1710511200
49,21,5,1710514800
49,82,2,1710518400
49,84,4,1710522000
49,90,4,1710525600
49,60,3,1710529200
49,67,5,1710532800
49,94,3,1710536400
49,70,3,1710540000
49,38,5,1710543600
49,48,4,1710547200
49,87,2,1710550800
49,24,4,1710554400
49,72,4,1710558000
49,100,2,1710561600
49,31,5,1710565200
49,99,4,1710568800
49,27,4,1710572400
49,13,4,1710576000
49,23,4,1710579600
49,50,3,1710583200
49,57,3,1710586800
49,86,4,1710590400
49,11,5,1710594000
50,77,5,1710597600
50,89,5,1710601200
50,19,3,1710604800
50,95,2,1710608400
50,71,2,1710612000
50,26,5,1710615600
50,7,3,1710619200
50,38,4,1710622800
50,46,4,1710626400
50,66,4,1710630000
50,27,2,1710633600
50,41,3,1710637200
50,44,5,1710640800
50,97,5,1710644400
50,52,5,1710648000
50,78,1,1710651600
50,53,4,1710655200
50,75,4,1710658800
50,40,3,1710662400
50,62,5,1710666000
50,16,4,1710669600
50,64,2,1710673200
50,24,5,1710676800
50,79,5,1710680400
50,18,2,1710684000
50,49,4,1710687600
50,98,4,1710691200
50,57,4,1710694800
50,45,3,1710698400
50,63,4,1710702000
51,46,4,1710705600
51,5,5,1710709200
51,68,4,1710712800
51,1,4,1710716400
51,57,5,1710720000
51,48,5,1710723600
51,2,5,1710727200
51,60,1,1710730800
51,7,4,1710734400
51,26,5,1710738000
51,80,2,1710741600
51,82,3,1710745200
51,24,5,1710748800
51,62,1,1710752400
51,70,5,1710756000
51,43,4,1710759600
51,13,4,1710763200
51,33,1,1710766800
51,91,5,1710770400
51,79,4,1710774000
51,39,4,1710777600
51,23,5,1710781200
51,16,5,1710784800
51,52,5,1710788400
51,15,4,1710792000
51,6,4,1710795600
51,50,5,1710799200
51,76,4,1710802800
51,27,3,1710806400
51,81,2,1710810000
51,51,5,1710813600
51,64,4,1710817200
51,92,5,1710820800
51,71,4,1710824400
51,11,3,1710828000
51,94,4,1710831600
51,95,2,1710835200
51,78,4,1710838800
51,21,4,1710842400
51,56,4,1710846000
51,9,5,1710849600
51,84,5,1710853200
52,7,3,1710856800
52,35,5,1710860400
52,6,5,1710864000
52,92,5,1710867600
52,56,4,1710871200
52,60,5,1710874800
52,45,5,1710878400
52,19,2,1710882000
52,74,4,1710885600
52,59,1,1710889200
52,99,4,1710892800
52,85,3,1710896400
52,79,3,1710900000
52,77,4,1710903600
52,94,4,1710907200
52,44,4,1710910800
52,76,2,1710914400
52,47,4,1710918000
52,62,3,1710921600
52,31,4,1710925200
52,42,4,1710928800
52,63,4,1710932400
52,53,5,1710936000
52,29,4,1710939600
52,93,5,1710943200
52,34,4,1710946800
52,68,4,1710950400
52,52,4,1710954000
52,32,1,1710957600
52,43,5,1710961200
52,71,4,1710964800
52,12,4,1710968400
52,11,2,1710972000
52,64,2,1710975600
52,91,5,1710979200
52,24,5,1710982800
52,95,2,1710986400
52,4,4,1710990000
53,83,4,1710993600
53,96,4,1710997200
53,45,4,1711000800
53,55,2,1711004400
53,69,5,1711008000
53,66,3,1711011600
53,59,5,1711015200
53,27,5,1711018800
53,12,4,1711022400
53,5,5,1711026000
53,48,4,1711029600
53,4,2,1711033200
53,95,5,1711036800
53,17,5,1711040400
53,11,4,1711044000
53,29,4,1711047600
53,14,4,1711051200
53,81,5,1711054800
53,36,2,1711058400
53,98,4,1711062000
53,19,4,1711065600
53,46,4,1711069200
53,1,4,1711072800
53,34,3,1711076400
53,97,2,1711080000
53,94,3,1711083600
53,100,5,1711087200
53,15,2,1711090800
53,88,5,1711094400
53,25,5,1711098000
53,2,5,1711101600
53,89,5,1711105200
53,41,3,1711108800
53,21,3,1711112400
53,62,4,1711116000
53,35,3,1711119600
53,3,5,1711123200
53,13,4,1711126800
53,91,5,1711130400
53,90,2,1711134000
53,87,5,1711137600
53,73,3,1711141200
53,75,4,1711144800
53,42,4,1711148400
53,60,5,1711152000
53,32,4,1711155600
53,72,5,1711159200
53,99,5,1711162800
53,71,5,1711166400
53,6,2,1711170000
53,8,5,1711173600
54,52,3,1711177200
54,41,4,1711180800
54,8,4,1711184400
54,23,3,1711188000
54,78,5,1711191600
54,25,5,1711195200
54,32,5,1711198800
54,98,2,1711202400
54,45,2,1711206000
54,77,4,1711209600
54,19,3,1711213200
54,63,5,1711216800
54,35,3,1711220400
54,12,4,1711224000
54,65,4,1711227600
54,44,4,1711231200
54,51,2,1711234800
54,54,4,1711238400
54,16,3,1711242000
54,92,5,1711245600
54,7,1,1711249200
54,68,5,1711252800
54,72,5,1711256400
54,81,3,1711260000
54,61,5,1711263600
54,94,1,1711267200
54,20,5,1711270800
54,83,4,1711274400
54,74,4,1711278000
54,70,4,1711281600
54,5,2,1711285200
54,34,5,1711288800
54,76,1,1711292400
54,49,5,1711296000
54,42,4,1711299600
54,62,5,1711303200
54,53,3,1711306800
54,6,4,1711310400
54,40,4,1711314000
54,48,5,1711317600
54,9,2,1711321200
54,90,3,1711324800
54,21,3,1711328400
54,96,5,1711332000
54,36,3,1711335600
54,95,4,1711339200
54,93,3,1711342800
54,89,5,1711346400
54,22,5,1711350000
54,84,4,1711353600
54,50,4,1711357200
54,82,3,1711360800
54,56,1,1711364400
54,29,3,1711368000
54,85,5,1711371600
55,25,3,1711375200
55,41,4,1711378800
55,79,4,1711382400
55,10,4,1711386000
55,88,3,1711389600
55,55,5,1711393200
55,86,4,1711396800
55,48,4,1711400400
55,5,4,1711404000
55,50,3,1711407600
55,49,2,1711411200
55,29,5,1711414800
55,12,3,1711418400
55,47,5,1711422000
55,71,4,1711425600
55,96,4,1711429200
55,20,4,1711432800
55,67,4,1711436400
55,6,2,1711440000
55,51,4,1711443600
55,53,5,1711447200
55,94,5,1711450800
55,87,3,1711454400
55,21,4,1711458000
55,90,3,1711461600
55,15,3,1711465200
55,34,1,1711468800
55,32,5,1711472400
55,56,3,1711476000
55,1,3,1711479600
55,98,3,1711483200
55,60,2,1711486800
55,14,4,1711490400
55,33,2,1711494000
55,31,2,1711497600
55,76,4,1711501200
55,77,4,1711504800
55,23,5,1711508400
55,18,4,1711512000
55,78,3,1711515600
55,68,5,1711519200
55,99,2,1711522800
55,74,4,1711526400
55,7,4,1711530000
55,82,3,1711533600
56,74,3,1711537200
56,17,5,1711540800
56,48,4,1711544400
56,100,3,1711548000
56,35,4,1711551600
56,6,5,1711555200
56,2,2,1711558800
56,25,4,1711562400
56,90,4,1711566000
56,40,1,1711569600
56,96,3,1711573200
56,88,5,1711576800
56,97,5,1711580400
56,54,3,1711584000
56,9,5,1711587600
56,63,5,1711591200
56,42,4,1711594800
56,84,5,1711598400
56,71,5,1711602000
56,47,4,1711605600
56,68,3,1711609200
56,21,5,1711612800
56,86,4,1711616400
56,20,2,1711620000
56,76,4,1711623600
56,27,4,1711627200
56,73,5,1711630800
56,36,4,1711634400
56,82,3,1711638000
56,50,5,1711641600
56,81,4,1711645200
56,1,3,1711648800
56,26,4,1711652400
56,38,5,1711656000
56,37,1,1711659600
56,87,4,1711663200
56,43,4,1711666800
56,89,3,1711670400
57,23,1,1711674000
57,87,4,1711677600
57,28,4,1711681200
57,15,2,1711684800
57,47,1,1711688400
57,63,4,1711692000
57,26,4,1711695600
57,24,4,1711699200
57,81,3,1711702800
57,4,3,1711706400
57,100,5,1711710000
57,42,4,1711713600
57,37,3,1711717200
57,2,4,1711720800
57,30,4,1711724400
57,76,2,1711728000
57,34,2,1711731600
57,54,2,1711735200
57,35,5,1711738800
57,51,5,1711742400
57,73,5,1711746000
57,69,5,1711749600
57,98,5,1711753200
57,78,4,1711756800
57,13,4,1711760400
57,36,1,1711764000
58,39,4,1711767600
58,11,5,1711771200
58,7,4,1711774800
58,68,5,1711778400
58,12,3,1711782000
58,61,5,1711785600
58,18,4,1711789200
58,59,4,1711792800
58,8,5,1711796400
58,62,4,1711800000
58,24,4,1711803600
58,17,5,1711807200
58,55,4,1711810800
58,83,3,1711814400
58,49,5,1711818000
58,82,2,1711821600
58,2,5,1711825200
58,95,5,1711828800
58,63,4,1711832400
58,46,4,1711836000
58,65,1,1711839600
58,58,1,1711843200
58,25,5,1711846800
58,48,2,1711850400
58,70,4,1711854000
58,42,5,1711857600
58,21,5,1711861200
58,9,4,1711864800
58,50,4,1711868400
58,34,5,1711872000
58,22,5,1711875600
58,52,4,1711879200
58,56,4,1711882800
58,4,1,1711886400
58,64,2,1711890000
58,23,4,1711893600
58,27,5,1711897200
58,14,5,1711900800
59,36,4,1711904400
59,68,4,1711908000
59,8,4,1711911600
59,76,2,1711915200
59,56,5,1711918800
59,9,1,1711922400
59,86,4,1711926000
59,82,5,1711929600
59,69,3,1711933200
59,43,5,1711936800
59,78,5,1711940400
59,14,4,1711944000
59,96,4,1711947600
59,20,3,1711951200
59,15,5,1711954800
59,63,2,1711958400
59,11,5,1711962000
59,34,5,1711965600
59,91,3,1711969200
59,2,5,1711972800
59,38,1,1711976400
60,45,5,1711980000
60,49,3,1711983600
60,29,2,1711987200
60,2,5,1711990800
60,69,3,1711994400
60,76,5,1711998000
60,98,5,1712001600
60,5,5,1712005200
60,14,3,1712008800
60,10,5,1712012400
60,46,5,1712016000
60,30,4,1712019600
60,100,4,1712023200
60,81,3,1712026800
60,97,2,1712030400
60,67,4,1712034000
60,71,4,1712037600
60,20,4,1712041200
60,65,4,1712044800
60,62,4,1712048400
60,25,4,1712052000
60,48,5,1712055600
60,61,3,1712059200
60,86,4,1712062800
60,79,2,1712066400
60,59,4,1712070000
60,34,5,1712073600
60,1,5,1712077200
60,72,3,1712080800
60,89,5,1712084400
60,82,2,1712088000
60,23,4,1712091600
60,19,2,1712095200
60,33,5,1712098800
60,50,4,1712102400
60,21,5,1712106000
60,51,5,1712109600
60,12,3,1712113200
60,9,1,1712116800
60,75,5,1712120400
60,39,4,1712124000
60,58,2,1712127600
60,85,4,1712131200
60,53,4,1712134800
60,27,1,1712138400
60,78,3,1712142000
60,91,1,1712145600
60,47,4,1712149200
60,87,5,1712152800
60,43,5,1712156400
60,95,4,1712160000
60,16,3,1712163600
60,84,5,1712167200
60,54,4,1712170800
60,13,3,1712174400
60,31,5,1712178000
60,35,5,1712181600
60,28,5,1712185200
60,24,5,1712188800
61,69,5,1712192400
61,5,1,1712196000
61,71,5,1712199600
61,60,2,1712203200
61,55,2,1712206800
61,33,3,1712210400
61,53,5,1712214000
61,9,5,1712217600
61,100,5,1712221200
61,16,4,1712224800
61,22,4,1712228400
61,1,3,1712232000
61,46,4,1712235600
61,73,4,1712239200
61,58,4,1712242800
61,40,3,1712246400
61,28,5,1712250000
61,15,3,1712253600
61,72,5,1712257200
62,27,5,1712260800
62,46,4,1712264400
62,72,4,1712268000
62,86,5,1712271600
62,88,1,1712275200
62,54,4,1712278800
62,93,5,1712282400
62,97,4,1712286000
62,31,3,1712289600
62,30,4,1712293200
62,32,5,1712296800
62,40,2,1712300400
62,82,5,1712304000
62,45,5,1712307600
62,5,3,1712311200
62,71,5,1712314800
62,20,4,1712318400
62,80,4,1712322000
62,90,5,1712325600
62,37,5,1712329200
62,35,2,1712332800
62,24,4,1712336400
62,13,4,1712340000
62,39,4,1712343600
62,92,4,1712347200
62,50,2,1712350800
62,11,5,1712354400
62,29,4,1712358000
62,21,3,1712361600
62,23,5,1712365200
62,18,5,1712368800
62,91,4,1712372400
62,55,3,1712376000
62,44,4,1712379600
62,38,3,1712383200
62,77,3,1712386800
62,47,5,1712390400
62,19,1,1712394000
62,62,2,1712397600
62,69,1,1712401200
62,94,3,1712404800
62,81,2,1712408400
62,53,5,1712412000
62,96,3,1712415600
62,56,2,1712419200
62,85,3,1712422800
62,2,5,1712426400
62,74,4,1712430000
62,64,4,1712433600
62,98,5,1712437200
62,28,4,1712440800
62,4,4,1712444400
62,99,3,1712448000
62,8,4,1712451600
62,25,4,1712455200
63,75,2,1712458800
63,50,5,1712462400
63,31,4,1712466000
63,14,3,1712469600
63,40,1,1712473200
63,96,2,1712476800
63,95,4,1712480400
63,39,3,1712484000
63,9,3,1712487600
63,79,1,1712491200
63,27,5,1712494800
63,67,5,1712498400
63,55,5,1712502000
63,82,2,1712505600
63,38,5,1712509200
63,43,5,1712512800
63,19,5,1712516400
63,60,4,1712520000
63,73,4,1712523600
63,45,5,1712527200
63,51,2,1712530800
63,41,4,1712534400
63,59,5,1712538000
63,8,5,1712541600
63,16,5,1712545200
63,84,5,1712548800
63,46,3,1712552400
63,20,1,1712556000
63,62,4,1712559600
63,44,4,1712563200
63,30,3,1712566800
63,92,2,1712570400
63,28,4,1712574000
63,23,5,1712577600
63,36,5,1712581200
63,3,5,1712584800
63,47,5,1712588400
63,68,4,1712592000
64,64,5,1712595600
64,30,3,1712599200
64,99,4,1712602800
64,20,5,1712606400
64,32,4,1712610000
64,90,4,1712613600
64,71,2,1712617200
64,23,4,1712620800
64,36,2,1712624400
64,60,5,1712628000
64,56,5,1712631600
64,11,5,1712635200
64,65,5,1712638800
64,51,4,1712642400
64,84,4,1712646000
64,78,5,1712649600
64,94,5,1712653200
64,97,4,1712656800
64,15,5,1712660400
64,1,4,1712664000
64,41,4,1712667600
64,22,4,1712671200
64,88,3,1712674800
64,49,1,1712678400
64,86,3,1712682000
64,46,4,1712685600
64,59,4,1712689200
64,28,4,1712692800
64,2,5,1712696400
64,76,4,1712700000
64,79,4,1712703600
64,5,2,1712707200
65,74,5,1712710800
65,42,5,1712714400
65,75,5,1712718000
65,10,3,1712721600
65,55,4,1712725200
65,17,4,1712728800
65,2,2,1712732400
65,37,1,1712736000
65,19,5,1712739600
65,34,4,1712743200
65,99,4,1712746800
65,50,5,1712750400
65,88,5,1712754000
65,36,5,1712757600
65,81,5,1712761200
65,76,2,1712764800
65,4,4,1712768400
65,71,5,1712772000
65,85,5,1712775600
65,92,5,1712779200
65,68,4,1712782800
65,67,5,1712786400
66,75,3,1712790000
66,1,4,1712793600
66,22,2,1712797200
66,83,3,1712800800
66,17,5,1712804400
66,13,5,1712808000
66,3,3,1712811600
66,50,4,1712815200
66,2,4,1712818800
66,19,5,1712822400
66,86,5,1712826000
66,39,4,1712829600
66,45,5,1712833200
66,67,5,1712836800
66,88,1,1712840400
66,63,4,1712844000
66,18,5,1712847600
66,58,5,1712851200
66,91,4,1712854800
66,10,4,1712858400
66,28,4,1712862000
66,52,4,1712865600
66,84,5,1712869200
66,11,4,1712872800
66,56,5,1712876400
66,55,5,1712880000
66,92,3,1712883600
66,79,4,1712887200
66,32,4,1712890800
66,59,5,1712894400
66,72,3,1712898000
66,9,4,1712901600
66,93,5,1712905200
66,68,4,1712908800
66,27,5,1712912400
66,81,5,1712916000
66,65,2,1712919600
66,74,3,1712923200
66,66,5,1712926800
66,54,5,1712930400
66,78,2,1712934000
66,44,1,1712937600
66,99,3,1712941200
66,29,5,1712944800
66,89,3,1712948400
66,23,4,1712952000
66,46,5,1712955600
66,90,1,1712959200
66,16,4,1712962800
66,70,3,1712966400
66,36,5,1712970000
66,7,3,1712973600
66,40,5,1712977200
67,61,4,1712980800
67,88,4,1712984400
67,89,4,1712988000
67,63,5,1712991600
67,85,5,1712995200
67,9,4,1712998800
67,32,3,1713002400
67,40,3,1713006000
67,100,4,1713009600
67,56,5,1713013200
67,84,4,1713016800
67,36,2,1713020400
67,78,5,1713024000
67,80,5,1713027600
67,41,3,1713031200
67,39,5,1713034800
67,30,4,1713038400
67,42,5,1713042000
67,94,5,1713045600
67,82,4,1713049200
67,98,5,1713052800
67,74,5,1713056400
67,79,4,1713060000
67,81,4,1713063600
67,76,5,1713067200
67,27,3,1713070800
67,86,4,1713074400
67,20,5,1713078000
67,49,5,1713081600
67,5,4,1713085200
67,65,3,1713088800
67,72,4,1713092400
67,17,3,1713096000
67,45,3,1713099600
67,47,5,1713103200
67,43,3,1713106800
67,31,4,1713110400
67,68,4,1713114000
67,7,5,1713117600
67,54,4,1713121200
67,2,2,1713124800
67,70,2,1713128400
67,55,4,1713132000
67,26,4,1713135600
67,28,4,1713139200
67,62,4,1713142800
67,46,2,1713146400
67,18,4,1713150000
67,50,4,1713153600
67,23,2,1713157200
67,92,2,1713160800
67,29,2,1713164400
67,97,2,1713168000
67,3,4,1713171600
67,95,3,1713175200
67,14,3,1713178800
68,62,5,1713182400
68,65,2,1713186000
68,10,2,1713189600
68,27,5,1713193200
68,3,4,1713196800
68,33,5,1713200400
68,15,4,1713204000
68,60,4,1713207600
68,4,3,1713211200
68,57,4,1713214800
68,95,4,1713218400
68,11,5,1713222000
68,83,4,1713225600
68,100,5,1713229200
68,13,1,1713232800
68,34,4,1713236400
68,90,4,1713240000
68,24,5,1713243600
68,78,1,1713247200
68,96,4,1713250800
68,93,5,1713254400
68,75,3,1713258000
68,51,5,1713261600
68,49,1,1713265200
68,66,5,1713268800
68,84,5,1713272400
68,81,5,1713276000
68,7,4,1713279600
69,94,5,1713283200
69,52,1,1713286800
69,82,4,1713290400
69,43,5,1713294000
69,11,4,1713297600
69,69,2,1713301200
69,50,4,1713304800
69,7,5,1713308400
69,87,2,1713312000
69,79,3,1713315600
69,54,2,1713319200
69,22,5,1713322800
69,1,2,1713326400
69,73,5,1713330000
69,100,4,1713333600
69,36,5,1713337200
69,51,5,1713340800
69,24,2,1713344400
69,80,4,1713348000
69,74,5,1713351600
69,53,3,1713355200
69,41,3,1713358800
69,83,5,1713362400
69,40,5,1713366000
69,61,4,1713369600
69,56,3,1713373200
69,97,4,1713376800
69,76,3,1713380400
69,20,5,1713384000
69,48,5,1713387600
69,62,5,1713391200
69,66,1,1713394800
69,65,4,1713398400
69,2,3,1713402000
69,12,4,1713405600
70,47,1,1713409200
70,26,4,1713412800
70,24,4,1713416400
70,41,4,1713420000
70,59,5,1713423600
70,48,4,1713427200
70,91,5,1713430800
70,97,2,1713434400
70,36,4,1713438000
70,81,4,1713441600
70,60,4,1713445200
70,80,5,1713448800
70,18,4,1713452400
70,2,4,1713456000
70,42,4,1713459600
70,75,5,1713463200
70,92,5,1713466800
70,62,4,1713470400
70,43,2,1713474000
70,56,5,1713477600
70,96,5,1713481200
70,10,3,1713484800
70,57,4,1713488400
70,3,5,1713492000
70,76,5,1713495600
70,46,3,1713499200
70,66,4,1713502800
70,100,5,1713506400
70,55,5,1713510000
71,94,4,1713513600
71,36,5,1713517200
71,26,4,1713520800
71,33,4,1713524400
71,32,4,1713528000
71,68,4,1713531600
71,49,3,1713535200
71,84,5,1713538800
71,14,4,1713542400
71,20,5,1713546000
71,55,4,1713549600
71,56,4,1713553200
71,59,4,1713556800
71,77,4,1713560400
71,38,4,1713564000
71,76,4,1713567600
71,11,4,1713571200
71,61,2,1713574800
71,93,4,1713578400
71,50,3,1713582000
71,78,2,1713585600
71,7,5,1713589200
71,82,4,1713592800
71,44,5,1713596400
71,15,4,1713600000
71,51,5,1713603600
71,62,4,1713607200
71,8,5,1713610800
71,97,4,1713614400
71,19,5,1713618000
71,89,5,1713621600
71,30,5,1713625200
71,88,3,1713628800
71,27,3,1713632400
71,41,3,1713636000
71,3,3,1713639600
71,91,5,1713643200
71,90,1,1713646800
71,72,2,1713650400
71,46,3,1713654000
71,1,3,1713657600
71,17,3,1713661200
72,17,5,1713664800
72,94,4,1713668400
72,95,5,1713672000
72,84,5,1713675600
72,18,3,1713679200
72,22,5,1713682800
72,59,5,1713686400
72,7,4,1713690000
72,87,5,1713693600
72,61,3,1713697200
72,71,3,1713700800
72,30,5,1713704400
72,37,4,1713708000
72,39,4,1713711600
72,2,3,1713715200
72,50,5,1713718800
72,70,5,1713722400
72,21,4,1713726000
72,91,5,1713729600
72,8,4,1713733200
72,43,3,1713736800
72,29,5,1713740400
73,84,5,1713744000
73,75,5,1713747600
73,85,2,1713751200
73,52,5,1713754800
73,49,5,1713758400
73,66,5,1713762000
73,35,5,1713765600
73,30,5,1713769200
73,87,2,1713772800
73,23,4,1713776400
73,34,5,1713780000
73,9,3,1713783600
73,79,2,1713787200
73,82,5,1713790800
73,71,5,1713794400
73,47,3,1713798000
73,28,5,1713801600
73,59,5,1713805200
73,20,4,1713808800
73,15,5,1713812400
73,41,4,1713816000
74,45,4,1713819600
74,56,4,1713823200
74,95,1,1713826800
74,46,5,1713830400
74,59,5,1713834000
74,80,4,1713837600
74,85,4,1713841200
74,84,4,1713844800
74,18,4,1713848400
74,81,2,1713852000
74,1,3,1713855600
74,52,5,1713859200
74,41,3,1713862800
74,15,4,1713866400
74,86,5,1713870000
74,11,5,1713873600
74,98,4,1713877200
74,74,5,1713880800
74,58,1,1713884400
74,34,5,1713888000
74,97,4,1713891600
74,47,5,1713895200
74,33,5,1713898800
74,68,5,1713902400
74,35,5,1713906000
74,44,4,1713909600
74,62,4,1713913200
74,5,4,1713916800
74,89,5,1713920400
74,37,5,1713924000
74,93,3,1713927600
74,6,5,1713931200
74,99,5,1713934800
74,16,5,1713938400
74,2,5,1713942000
74,55,3,1713945600
74,13,2,1713949200
74,75,2,1713952800
75,84,5,1713956400
75,83,4,1713960000
75,22,5,1713963600
75,55,2,1713967200
75,41,5,1713970800
75,36,4,1713974400
75,85,4,1713978000
75,24,4,1713981600
75,58,4,1713985200
75,89,5,1713988800
75,97,4,1713992400
75,66,5,1713996000
75,72,4,1713999600
75,1,2,1714003200
75,25,2,1714006800
75,8,2,1714010400
75,78,4,1714014000
75,57,4,1714017600
75,5,5,1714021200
75,62,5,1714024800
75,51,2,1714028400
75,46,3,1714032000
75,4,3,1714035600
75,32,4,1714039200
75,3,2,1714042800
75,90,2,1714046400
75,91,5,1714050000
75,30,5,1714053600
75,14,3,1714057200
75,9,4,1714060800
75,98,4,1714064400
75,19,5,1714068000
75,33,4,1714071600
75,59,2,1714075200
75,95,5,1714078800
75,56,4,1714082400
75,23,3,1714086000
75,76,4,1714089600
76,58,1,1714093200
76,20,4,1714096800
76,96,5,1714100400
76,90,1,1714104000
76,60,3,1714107600
76,87,5,1714111200
76,78,5,1714114800
76,31,4,1714118400
76,88,5,1714122000
76,25,4,1714125600
76,18,3,1714129200
76,42,4,1714132800
76,73,4,1714136400
76,80,5,1714140000
76,29,2,1714143600
76,84,4,1714147200
76,71,4,1714150800
76,16,4,1714154400
76,75,1,1714158000
76,12,4,1714161600
76,82,5,1714165200
76,1,4,1714168800
76,49,4,1714172400
76,30,3,1714176000
76,7,3,1714179600
76,36,4,1714183200
76,44,5,1714186800
76,54,5,1714190400
76,33,4,1714194000
76,70,4,1714197600
76,77,5,1714201200
76,6,4,1714204800
76,91,4,1714208400
76,85,3,1714212000
76,69,5,1714215600
77,67,4,1714219200
77,88,5,1714222800
77,39,4,1714226400
77,72,4,1714230000
77,20,5,1714233600
77,28,4,1714237200
77,55,4,1714240800
77,30,4,1714244400
77,34,4,1714248000
77,40,5,1714251600
77,99,5,1714255200
77,70,4,1714258800
77,32,5,1714262400
77,47,2,1714266000
77,48,3,1714269600
77,95,4,1714273200
77,87,1,1714276800
77,35,3,1714280400
77,15,4,1714284000
77,22,1,1714287600
77,97,3,1714291200
77,53,4,1714294800
77,42,4,1714298400
77,21,5,1714302000
77,77,4,1714305600
77,41,4,1714309200
77,84,5,1714312800
77,100,5,1714316400
77,89,3,1714320000
77,56,2,1714323600
77,79,5,1714327200
77,68,4,1714330800
77,63,5,1714334400
77,49,5,1714338000
77,2,4,1714341600
77,91,5,1714345200
77,45,4,1714348800
77,98,2,1714352400
77,82,5,1714356000
77,73,3,1714359600
77,54,5,1714363200
77,90,5,1714366800
77,31,5,1714370400
77,59,4,1714374000
77,62,4,1714377600
77,4,4,1714381200
77,38,4,1714384800
77,8,4,1714388400
77,64,5,1714392000
77,85,5,1714395600
77,83,3,1714399200
77,43,4,1714402800
77,23,5,1714406400
77,65,4,1714410000
77,93,4,1714413600
77,19,5,1714417200
77,66,5,1714420800
78,45,4,1714424400
78,15,4,1714428000
78,41,4,1714431600
78,62,1,1714435200
78,54,2,1714438800
78,66,5,1714442400
78,1,4,1714446000
78,42,2,1714449600
78,36,3,1714453200
78,3,5,1714456800
78,72,4,1714460400
78,4,5,1714464000
78,84,4,1714467600
78,87,4,1714471200
78,44,1,1714474800
78,10,4,1714478400
78,9,4,1714482000
78,61,3,1714485600
78,70,4,1714489200
78,85,4,1714492800
78,27,5,1714496400
78,77,5,1714500000
78,90,4,1714503600
78,88,4,1714507200
78,92,5,1714510800
78,75,5,1714514400
78,29,5,1714518000
78,48,4,1714521600
78,35,5,1714525200
79,76,4,1714528800
79,29,4,1714532400
79,73,5,1714536000
79,18,1,1714539600
79,36,4,1714543200
79,21,5,1714546800
79,55,5,1714550400
79,33,5,1714554000
79,83,5,1714557600
79,9,5,1714561200
79,8,4,1714564800
79,67,4,1714568400
79,1,1,1714572000
79,94,1,1714575600
79,66,3,1714579200
79,89,2,1714582800
79,64,3,1714586400
79,69,3,1714590000
79,30,1,1714593600
79,75,5,1714597200
79,48,1,1714600800
79,42,5,1714604400
79,25,3,1714608000
79,14,5,1714611600
79,84,5,1714615200
79,3,5,1714618800
79,16,5,1714622400
79,92,1,1714626000
79,86,5,1714629600
79,17,5,1714633200
79,60,5,1714636800
79,40,5,1714640400
79,62,4,1714644000
79,44,5,1714647600
79,65,3,1714651200
79,4,4,1714654800
79,19,2,1714658400
79,72,5,1714662000
79,31,2,1714665600
80,92,4,1714669200
80,23,5,1714672800
80,48,4,1714676400
80,30,4,1714680000
80,40,4,1714683600
80,64,3,1714687200
80,11,1,1714690800
80,75,4,1714694400
80,71,3,1714698000
80,67,5,1714701600
80,26,5,1714705200
80,93,5,1714708800
80,62,5,1714712400
80,28,1,1714716000
80,56,5,1714719600
80,21,5,1714723200
80,32,4,1714726800
81,36,1,1714730400
81,76,4,1714734000
81,26,5,1714737600
81,5,2,1714741200
81,14,4,1714744800
81,33,5,1714748400
81,23,5,1714752000
81,3,5,1714755600
81,87,3,1714759200
81,93,5,1714762800
81,72,4,1714766400
81,68,3,1714770000
81,75,5,1714773600
81,40,4,1714777200
81,74,5,1714780800
81,10,5,1714784400
81,86,4,1714788000
81,58,5,1714791600
81,59,4,1714795200
81,37,4,1714798800
81,81,5,1714802400
81,70,5,1714806000
81,11,5,1714809600
81,80,5,1714813200
81,45,5,1714816800
81,47,5,1714820400
81,97,4,1714824000
81,43,3,1714827600
81,88,5,1714831200
81,85,3,1714834800
81,6,3,1714838400
81,73,3,1714842000
81,34,5,1714845600
81,49,5,1714849200
81,83,4,1714852800
81,67,4,1714856400
81,42,5,1714860000
81,92,4,1714863600
81,2,4,1714867200
81,1,4,1714870800
81,62,4,1714874400
81,22,4,1714878000
81,19,4,1714881600
81,12,4,1714885200
81,91,5,1714888800
81,63,2,1714892400
81,29,4,1714896000
81,51,4,1714899600
81,9,1,1714903200
81,17,4,1714906800
81,35,3,1714910400
81,61,4,1714914000
81,16,4,1714917600
81,65,5,1714921200
81,95,4,1714924800
81,79,2,1714928400
81,24,5,1714932000
82,99,5,1714935600
82,39,3,1714939200
82,29,4,1714942800
82,51,5,1714946400
82,37,5,1714950000
82,67,2,1714953600
82,4,5,1714957200
82,10,4,1714960800
82,97,4,1714964400
82,57,3,1714968000
82,68,4,1714971600
82,78,4,1714975200
82,34,4,1714978800
82,84,1,1714982400
82,54,2,1714986000
82,98,5,1714989600
82,91,5,1714993200
82,47,5,1714996800
82,94,3,1715000400
82,40,4,1715004000
82,95,5,1715007600
82,43,5,1715011200
82,19,4,1715014800
82,18,5,1715018400
82,93,5,1715022000
82,50,5,1715025600
82,88,3,1715029200
82,61,1,1715032800
82,46,4,1715036400
82,3,4,1715040000
82,96,3,1715043600
82,83,3,1715047200
82,32,5,1715050800
82,64,4,1715054400
82,7,4,1715058000
82,89,4,1715061600
82,38,5,1715065200
82,80,5,1715068800
82,76,3,1715072400
82,36,5,1715076000
82,35,4,1715079600
83,82,5,1715083200
83,37,5,1715086800
83,77,5,1715090400
83,75,5,1715094000
83,64,3,1715097600
83,46,5,1715101200
83,63,4,1715104800
83,19,5,1715108400
83,90,4,1715112000
83,94,5,1715115600
83,42,5,1715119200
83,58,5,1715122800
83,30,5,1715126400
83,81,5,1715130000
83,72,5,1715133600
83,48,4,1715137200
83,25,3,1715140800
83,83,4,1715144400
83,69,1,1715148000
83,9,4,1715151600
83,59,4,1715155200
83,80,4,1715158800
83,53,5,1715162400
83,61,5,1715166000
83,7,3,1715169600
83,85,4,1715173200
83,88,4,1715176800
83,27,4,1715180400
83,36,5,1715184000
83,70,4,1715187600
83,50,4,1715191200
83,92,5,1715194800
83,93,5,1715198400
84,89,5,1715202000
84,35,5,1715205600
84,63,3,1715209200
84,14,3,1715212800
84,10,4,1715216400
84,73,4,1715220000
84,97,4,1715223600
84,65,4,1715227200
84,36,5,1715230800
84,20,4,1715234400
84,77,2,1715238000
84,98,5,1715241600
84,92,4,1715245200
84,2,5,1715248800
84,47,2,1715252400
84,44,5,1715256000
84,17,2,1715259600
84,66,3,1715263200
84,67,1,1715266800
84,32,5,1715270400
84,93,5,1715274000
84,85,4,1715277600
84,87,5,1715281200
84,61,4,1715284800
84,38,4,1715288400
84,40,5,1715292000
84,34,3,1715295600
84,37,4,1715299200
84,12,5,1715302800
84,31,5,1715306400
84,75,5,1715310000
84,79,5,1715313600
84,30,2,1715317200
85,23,5,1715320800
85,60,4,1715324400
85,49,4,1715328000
85,3,4,1715331600
85,75,5,1715335200
85,100,4,1715338800
85,10,4,1715342400
85,84,3,1715346000
85,78,4,1715349600
85,79,3,1715353200
85,41,5,1715356800
85,46,5,1715360400
85,77,5,1715364000
85,67,5,1715367600
85,1,4,1715371200
85,11,5,1715374800
85,89,4,1715378400
85,97,5,1715382000
85,21,3,1715385600
85,56,2,1715389200
85,86,4,1715392800
85,74,4,1715396400
85,76,3,1715400000
85,53,5,1715403600
85,5,2,1715407200
85,80,3,1715410800
85,69,5,1715414400
85,88,4,1715418000
85,40,5,1715421600
85,62,4,1715425200
85,12,5,1715428800
85,99,4,1715432400
85,34,1,1715436000
85,22,4,1715439600
86,79,4,1715443200
86,31,1,1715446800
86,38,3,1715450400
86,30,5,1715454000
86,90,5,1715457600
86,57,5,1715461200
86,35,3,1715464800
86,91,3,1715468400
86,41,4,1715472000
86,22,2,1715475600
86,84,5,1715479200
86,54,3,1715482800
86,89,5,1715486400
86,39,4,1715490000
86,44,5,1715493600
86,95,1,1715497200
86,85,5,1715500800
86,6,3,1715504400
86,46,5,1715508000
86,21,5,1715511600
86,96,3,1715515200
86,72,4,1715518800
86,43,4,1715522400
86,29,4,1715526000
86,52,4,1715529600
86,37,4,1715533200
86,77,4,1715536800
86,76,5,1715540400
86,51,4,1715544000
86,11,3,1715547600
86,74,5,1715551200
86,65,5,1715554800
86,13,4,1715558400
86,61,4,1715562000
86,23,4,1715565600
86,58,5,1715569200
86,5,5,1715572800
86,16,3,1715576400
86,9,5,1715580000
86,7,3,1715583600
86,59,1,1715587200
86,33,5,1715590800
86,53,4,1715594400
86,40,4,1715598000
86,27,4,1715601600
86,83,5,1715605200
86,70,4,1715608800
86,24,5,1715612400
86,67,2,1715616000
86,10,3,1715619600
86,20,4,1715623200
86,42,4,1715626800
86,78,5,1715630400
86,73,4,1715634000
87,62,5,1715637600
87,36,2,1715641200
87,63,4,1715644800
87,90,4,1715648400
87,79,4,1715652000
87,27,3,1715655600
87,71,4,1715659200
87,66,5,1715662800
87,99,4,1715666400
87,33,3,1715670000
87,54,5,1715673600
87,69,3,1715677200
87,56,3,1715680800
87,83,5,1715684400
87,23,5,1715688000
87,53,4,1715691600
87,48,4,1715695200
87,42,4,1715698800
87,13,4,1715702400
87,43,2,1715706000
87,58,5,1715709600
87,89,5,1715713200
87,10,5,1715716800
87,28,4,1715720400
87,70,5,1715724000
87,82,4,1715727600
87,12,3,1715731200
87,17,3,1715734800
87,24,4,1715738400
87,78,5,1715742000
87,50,3,1715745600
87,94,3,1715749200
87,61,4,1715752800
87,95,5,1715756400
87,76,3,1715760000
87,39,3,1715763600
87,29,4,1715767200
87,57,4,1715770800
87,11,2,1715774400
88,41,5,1715778000
88,72,4,1715781600
88,63,5,1715785200
88,98,4,1715788800
88,70,5,1715792400
88,38,4,1715796000
88,3,5,1715799600
88,79,5,1715803200
88,46,3,1715806800
88,27,4,1715810400
88,83,4,1715814000
88,74,2,1715817600
88,12,4,1715821200
88,94,4,1715824800
88,71,2,1715828400
88,26,5,1715832000
88,92,4,1715835600
88,21,5,1715839200
88,33,5,1715842800
88,44,4,1715846400
88,39,4,1715850000
88,100,5,1715853600
88,4,5,1715857200
88,24,3,1715860800
88,29,5,1715864400
88,51,5,1715868000
88,37,5,1715871600
88,60,5,1715875200
88,17,4,1715878800
88,88,5,1715882400
88,22,5,1715886000
88,47,1,1715889600
88,66,5,1715893200
88,65,4,1715896800
88,57,4,1715900400
88,95,4,1715904000
88,52,2,1715907600
88,62,4,1715911200
88,85,5,1715914800
88,48,1,1715918400
88,13,3,1715922000
88,18,1,1715925600
88,69,4,1715929200
88,76,5,1715932800
88,34,5,1715936400
88,73,5,1715940000
88,10,4,1715943600
88,5,3,1715947200
88,1,5,1715950800
88,54,5,1715954400
88,19,4,1715958000
88,87,5,1715961600
88,56,5,1715965200
88,64,5,1715968800
88,91,4,1715972400
88,25,5,1715976000
88,75,1,1715979600
88,81,4,1715983200
89,56,5,1715986800
89,52,5,1715990400
89,42,2,1715994000
89,26,5,1715997600
89,77,4,1716001200
89,47,4,1716004800
89,43,1,1716008400
89,29,5,1716012000
89,94,4,1716015600
89,98,4,1716019200
89,91,5,1716022800
89,73,4,1716026400
89,84,4,1716030000
89,31,5,1716033600
89,1,5,1716037200
89,2,5,1716040800
89,10,5,1716044400
89,59,4,1716048000
89,11,4,1716051600
89,92,3,1716055200
89,50,5,1716058800
89,37,4,1716062400
89,78,5,1716066000
89,58,2,1716069600
89,6,2,1716073200
89,57,3,1716076800
89,67,2,1716080400
89,16,4,1716084000
89,39,2,1716087600
90,78,4,1716091200
90,93,4,1716094800
90,27,5,1716098400
90,77,5,1716102000
90,23,3,1716105600
90,97,4,1716109200
90,32,5,1716112800
90,17,4,1716116400
90,25,2,1716120000
90,3,4,1716123600
90,41,3,1716127200
90,80,4,1716130800
90,34,4,1716134400
90,70,5,1716138000
90,57,4,1716141600
90,66,3,1716145200
90,46,3,1716148800
90,2,5,1716152400
90,52,3,1716156000
90,12,4,1716159600
90,96,3,1716163200
90,73,5,1716166800
90,38,4,1716170400
90,84,4,1716174000
90,59,4,1716177600
90,33,5,1716181200
90,83,4,1716184800
90,75,5,1716188400
90,35,5,1716192000
90,13,5,1716195600
90,64,4,1716199200
90,94,5,1716202800
90,18,1,1716206400
90,50,4,1716210000
90,5,5,1716213600
90,87,3,1716217200
90,82,3,1716220800
90,6,4,1716224400
90,28,4,1716228000
90,1,4,1716231600
90,49,5,1716235200
90,37,5,1716238800
90,4,5,1716242400
90,56,3,1716246000
90,99,5,1716249600
90,30,3,1716253200
90,60,2,1716256800
90,71,2,1716260400
90,72,4,1716264000
90,24,2,1716267600
90,8,2,1716271200
90,26,4,1716274800
90,39,3,1716278400
90,53,4,1716282000
90,81,5,1716285600
91,84,3,1716289200
91,47,4,1716292800
91,80,5,1716296400
91,24,2,1716300000
91,13,2,1716303600
91,67,5,1716307200
91,6,5,1716310800
91,95,4,1716314400
91,5,5,1716318000
91,78,4,1716321600
91,48,5,1716325200
91,60,4,1716328800
91,30,3,1716332400
91,97,5,1716336000
91,59,4,1716339600
91,11,5,1716343200
91,19,4,1716346800
91,85,5,1716350400
91,12,5,1716354000
91,25,3,1716357600
91,10,5,1716361200
91,55,4,1716364800
91,62,5,1716368400
91,89,4,1716372000
91,92,5,1716375600
91,93,4,1716379200
91,83,3,1716382800
91,69,3,1716386400
91,88,4,1716390000
91,91,5,1716393600
91,33,4,1716397200
91,72,5,1716400800
91,29,3,1716404400
91,1,4,1716408000
91,36,1,1716411600
91,68,5,1716415200
91,45,5,1716418800
91,3,4,1716422400
91,44,1,1716426000
91,34,3,1716429600
91,56,5,1716433200
91,57,4,1716436800
91,70,5,1716440400
91,100,3,1716444000
91,17,5,1716447600
91,86,5,1716451200
91,15,4,1716454800
91,35,4,1716458400
91,18,2,1716462000
91,76,4,1716465600
91,75,5,1716469200
91,27,4,1716472800
91,42,5,1716476400
91,40,4,1716480000
91,16,3,1716483600
91,37,4,1716487200
91,31,4,1716490800
91,74,4,1716494400
91,71,2,1716498000
91,81,4,1716501600
92,81,4,1716505200
92,35,3,1716508800
92,47,2,1716512400
92,19,4,1716516000
92,69,5,1716519600
92,71,5,1716523200
92,53,3,1716526800
92,100,4,1716530400
92,8,5,1716534000
92,49,5,1716537600
92,18,5,1716541200
92,26,5,1716544800
92,92,5,1716548400
92,50,2,1716552000
92,38,4,1716555600
92,55,5,1716559200
92,11,4,1716562800
92,30,2,1716566400
92,82,4,1716570000
92,16,5,1716573600
92,88,5,1716577200
92,86,4,1716580800
92,44,4,1716584400
92,21,5,1716588000
92,57,4,1716591600
92,42,2,1716595200
92,74,5,1716598800
92,36,4,1716602400
92,83,4,1716606000
92,72,4,1716609600
92,1,1,1716613200
92,31,5,1716616800
92,13,4,1716620400
92,93,4,1716624000
92,43,3,1716627600
92,28,4,1716631200
92,67,5,1716634800
92,4,5,1716638400
93,83,5,1716642000
93,78,5,1716645600
93,13,3,1716649200
93,68,3,1716652800
93,38,5,1716656400
93,64,3,1716660000
93,93,5,1716663600
93,69,2,1716667200
93,52,4,1716670800
93,11,2,1716674400
93,47,5,1716678000
93,2,5,1716681600
93,54,4,1716685200
93,63,5,1716688800
93,84,2,1716692400
93,27,2,1716696000
93,85,5,1716699600
93,22,5,1716703200
93,30,5,1716706800
93,46,5,1716710400
93,18,4,1716714000
93,23,3,1716717600
93,35,5,1716721200
93,28,4,1716724800
93,42,4,1716728400
93,74,5,1716732000
93,17,3,1716735600
93,7,5,1716739200
93,59,2,1716742800
93,77,5,1716746400
93,90,4,1716750000
93,33,4,1716753600
93,66,4,1716757200
93,67,3,1716760800
93,3,4,1716764400
93,40,4,1716768000
93,61,4,1716771600
93,60,3,1716775200
93,96,2,1716778800
93,29,2,1716782400
93,91,5,1716786000
93,41,1,1716789600
93,21,5,1716793200
93,32,5,1716796800
93,80,5,1716800400
93,92,5,1716804000
93,37,2,1716807600
93,88,5,1716811200
93,53,4,1716814800
93,99,5,1716818400
93,14,5,1716822000
94,5,4,1716825600
94,6,3,1716829200
94,18,4,1716832800
94,42,2,1716836400
94,28,5,1716840000
94,22,3,1716843600
94,61,4,1716847200
94,32,2,1716850800
94,43,5,1716854400
94,67,4,1716858000
94,85,4,1716861600
94,8,4,1716865200
94,35,4,1716868800
94,4,3,1716872400
94,72,5,1716876000
94,13,2,1716879600
94,53,2,1716883200
94,84,5,1716886800
94,86,3,1716890400
94,64,4,1716894000
94,93,4,1716897600
94,66,4,1716901200
94,73,5,1716904800
94,77,4,1716908400
95,46,4,1716912000
95,58,3,1716915600
95,91,5,1716919200
95,79,5,1716922800
95,30,5,1716926400
95,37,4,1716930000
95,62,5,1716933600
95,53,4,1716937200
95,80,4,1716940800
95,2,5,1716944400
95,41,3,1716948000
95,31,4,1716951600
95,29,5,1716955200
95,89,4,1716958800
95,3,2,1716962400
95,11,4,1716966000
95,7,4,1716969600
95,14,5,1716973200
95,76,3,1716976800
95,85,5,1716980400
95,90,2,1716984000
95,36,3,1716987600
95,55,3,1716991200
95,33,5,1716994800
95,69,3,1716998400
95,44,5,1717002000
95,88,4,1717005600
95,98,5,1717009200
95,24,5,1717012800
95,87,5,1717016400
95,57,5,1717020000
95,12,4,1717023600
95,28,5,1717027200
95,20,3,1717030800
95,67,2,1717034400
95,13,4,1717038000
95,72,4,1717041600
95,22,4,1717045200
95,26,4,1717048800
95,82,4,1717052400
95,10,4,1717056000
95,59,1,1717059600
95,19,5,1717063200
96,43,5,1717066800
96,2,4,1717070400
96,91,2,1717074000
96,80,2,1717077600
96,18,1,1717081200
96,51,4,1717084800
96,37,3,1717088400
96,89,5,1717092000
96,8,5,1717095600
96,47,4,1717099200
96,6,3,1717102800
96,81,2,1717106400
96,19,5,1717110000
96,38,4,1717113600
96,72,4,1717117200
96,74,5,1717120800
96,26,4,1717124400
96,22,4,1717128000
96,12,5,1717131600
96,31,5,1717135200
96,5,5,1717138800
96,10,4,1717142400
97,19,2,1717146000
97,58,3,1717149600
97,54,5,1717153200
97,79,4,1717156800
97,1,5,1717160400
97,45,4,1717164000
97,12,5,1717167600
97,100,4,1717171200
97,18,5,1717174800
97,85,5,1717178400
97,30,4,1717182000
97,92,5,1717185600
97,95,5,1717189200
97,13,3,1717192800
97,81,4,1717196400
97,80,2,1717200000
97,15,5,1717203600
97,46,3,1717207200
97,57,2,1717210800
97,38,4,1717214400
97,47,4,1717218000
97,7,5,1717221600
97,36,5,1717225200
97,88,4,1717228800
97,93,2,1717232400
97,98,5,1717236000
97,23,4,1717239600
97,75,4,1717243200
97,22,4,1717246800
97,94,4,1717250400
97,67,4,1717254000
97,39,5,1717257600
97,72,4,1717261200
97,8,5,1717264800
97,28,4,1717268400
97,41,3,1717272000
97,63,5,1717275600
97,71,4,1717279200
97,89,3,1717282800
97,96,4,1717286400
97,9,4,1717290000
98,8,4,1717293600
98,76,5,1717297200
98,49,5,1717300800
98,41,5,1717304400
98,29,5,1717308000
98,50,5,1717311600
98,36,5,1717315200
98,25,3,1717318800
98,15,4,1717322400
98,44,5,1717326000
98,86,4,1717329600
98,20,5,1717333200
98,16,5,1717336800
98,4,3,1717340400
98,1,5,1717344000
98,90,3,1717347600
98,11,4,1717351200
98,5,4,1717354800
98,54,3,1717358400
98,58,4,1717362000
98,65,4,1717365600
98,31,3,1717369200
98,30,5,1717372800
98,37,4,1717376400
98,83,4,1717380000
98,59,3,1717383600
98,80,5,1717387200
98,57,5,1717390800
98,14,3,1717394400
98,95,1,1717398000
98,85,5,1717401600
98,34,4,1717405200
98,21,2,1717408800
98,98,4,1717412400
98,19,4,1717416000
98,28,5,1717419600
98,53,3,1717423200
98,2,4,1717426800
98,48,3,1717430400
98,87,5,1717434000
98,61,5,1717437600
98,17,5,1717441200
98,42,5,1717444800
98,47,4,1717448400
98,13,5,1717452000
98,84,2,1717455600
99,11,3,1717459200
99,32,4,1717462800
99,83,5,1717466400
99,85,2,1717470000
99,40,3,1717473600
99,45,4,1717477200
99,21,5,1717480800
99,25,5,1717484400
99,39,5,1717488000
99,27,4,1717491600
99,30,5,1717495200
99,81,2,1717498800
99,76,2,1717502400
99,62,5,1717506000
99,99,5,1717509600
99,35,2,1717513200
99,72,2,1717516800
99,15,1,1717520400
99,18,2,1717524000
99,87,3,1717527600
99,91,5,1717531200
99,42,5,1717534800
99,24,5,1717538400
99,65,5,1717542000
99,84,4,1717545600
99,77,5,1717549200
99,34,4,1717552800
99,20,4,1717556400
99,60,4,1717560000
99,2,4,1717563600
99,9,5,1717567200
99,94,5,1717570800
99,54,4,1717574400
99,17,5,1717578000
99,98,2,1717581600
99,51,5,1717585200
99,64,4,1717588800
99,75,1,1717592400
99,95,4,1717596000
99,26,4,1717599600
99,43,2,1717603200
100,98,4,1717606800
100,11,5,1717610400
100,77,4,1717614000
100,60,5,1717617600
100,13,3,1717621200
100,62,5,1717624800
100,93,2,1717628400
100,81,3,1717632000
100,79,5,1717635600
100,68,5,1717639200
100,100,3,1717642800
100,61,4,1717646400
100,91,4,1717650000
100,76,3,1717653600
100,49,5,1717657200
100,58,5,1717660800
100,12,2,1717664400
100,29,4,1717668000
100,82,5,1717671600
100,1,4,1717675200
100,56,4,1717678800
100,83,2,1717682400
100,96,4,1717686000
100,69,3,1717689600
100,55,5,1717693200
100,28,4,1717696800
100,45,3,1717700400
100,92,5,1717704000
100,89,2,1717707600
100,85,4,1717711200
100,97,4,1717714800
100,31,3,1717718400
100,52,5,1717722000
100,25,5,1717725600
100,70,2,1717729200
100,43,5,1717732800
101,81,3,1717736400
101,31,4,1717740000
101,3,5,1717743600
101,90,1,1717747200
101,22,4,1717750800
101,13,4,1717754400
101,9,5,1717758000
101,63,4,1717761600
101,38,4,1717765200
101,53,5,1717768800
101,95,4,1717772400
101,2,4,1717776000
101,78,2,1717779600
101,8,5,1717783200
101,46,5,1717786800
101,17,5,1717790400
101,32,5,1717794000
101,16,5,1717797600
101,4,4,1717801200
101,68,5,1717804800
101,44,4,1717808400
101,27,4,1717812000
101,87,4,1717815600
101,100,4,1717819200
101,77,5,1717822800
101,7,4,1717826400
101,93,3,1717830000
101,37,3,1717833600
101,11,5,1717837200
101,30,5,1717840800
101,26,4,1717844400
101,23,4,1717848000
101,67,4,1717851600
101,10,2,1717855200
101,57,4,1717858800
101,40,5,1717862400
101,24,4,1717866000
101,99,4,1717869600
101,52,1,1717873200
101,29,4,1717876800
101,45,1,1717880400
101,33,4,1717884000
101,70,4,1717887600
101,54,5,1717891200
101,18,4,1717894800
101,85,4,1717898400
101,62,4,1717902000
102,72,5,1717905600
102,59,5,1717909200
102,88,3,1717912800
102,17,5,1717916400
102,1,2,1717920000
102,7,5,1717923600
102,71,4,1717927200
102,26,4,1717930800
102,94,4,1717934400
102,3,4,1717938000
102,12,3,1717941600
102,40,4,1717945200
102,39,2,1717948800
102,58,4,1717952400
102,87,2,1717956000
102,86,3,1717959600
102,75,2,1717963200
102,35,4,1717966800
102,9,5,1717970400
102,8,5,1717974000
102,70,2,1717977600
102,74,4,1717981200
102,93,5,1717984800
102,32,4,1717988400
102,29,5,1717992000
102,6,3,1717995600
102,28,4,1717999200
102,22,4,1718002800
102,52,2,1718006400
102,80,4,1718010000
102,68,4,1718013600
102,78,3,1718017200
102,34,4,1718020800
102,97,5,1718024400
102,15,5,1718028000
102,49,4,1718031600
102,99,4,1718035200
102,13,4,1718038800
102,48,4,1718042400
102,82,2,1718046000
102,27,4,1718049600
102,10,4,1718053200
102,46,4,1718056800
102,57,5,1718060400
102,64,5,1718064000
102,41,3,1718067600
102,67,3,1718071200
102,90,2,1718074800
103,66,5,1718078400
103,27,4,1718082000
103,28,5,1718085600
103,86,2,1718089200
103,52,3,1718092800
103,11,2,1718096400
103,90,4,1718100000
103,92,3,1718103600
103,54,5,1718107200
103,19,2,1718110800
103,88,5,1718114400
103,83,1,1718118000
103,76,3,1718121600
103,63,5,1718125200
103,7,5,1718128800
103,15,4,1718132400
103,16,1,1718136000
103,23,4,1718139600
103,79,4,1718143200
103,57,4,1718146800
103,96,4,1718150400
103,77,4,1718154000
103,70,2,1718157600
103,48,5,1718161200
103,30,5,1718164800
103,4,2,1718168400
103,5,4,1718172000
103,47,2,1718175600
103,64,5,1718179200
103,82,4,1718182800
103,62,3,1718186400
103,46,1,1718190000
103,17,1,1718193600
103,38,4,1718197200
103,6,5,1718200800
103,100,2,1718204400
104,76,5,1718208000
104,13,4,1718211600
104,47,5,1718215200
104,41,4,1718218800
104,10,4,1718222400
104,59,2,1718226000
104,9,5,1718229600
104,67,2,1718233200
104,16,5,1718236800
104,25,5,1718240400
104,81,3,1718244000
104,18,4,1718247600
104,73,4,1718251200
104,2,4,1718254800
104,39,3,1718258400
104,11,4,1718262000
104,62,3,1718265600
104,57,2,1718269200
104,83,1,1718272800
104,45,2,1718276400
104,28,5,1718280000
104,54,5,1718283600
104,4,4,1718287200
104,78,4,1718290800
104,20,2,1718294400
104,31,4,1718298000
104,92,2,1718301600
104,63,4,1718305200
104,26,5,1718308800
104,48,3,1718312400
104,21,5,1718316000
105,85,4,1718319600
105,97,2,1718323200
105,5,4,1718326800
105,11,5,1718330400
105,64,5,1718334000
105,45,1,1718337600
105,13,5,1718341200
105,98,3,1718344800
105,69,1,1718348400
105,42,5,1718352000
105,81,5,1718355600
105,34,4,1718359200
105,25,4,1718362800
105,19,5,1718366400
105,10,5,1718370000
105,36,5,1718373600
105,32,4,1718377200
105,62,5,1718380800
105,39,5,1718384400
105,14,2,1718388000
106,73,2,1718391600
106,10,4,1718395200
106,33,5,1718398800
106,70,2,1718402400
106,69,4,1718406000
106,81,5,1718409600
106,58,4,1718413200
106,11,5,1718416800
106,30,2,1718420400
106,89,5,1718424000
106,27,5,1718427600
106,4,3,1718431200
106,51,1,1718434800
106,68,5,1718438400
106,22,4,1718442000
106,63,4,1718445600
106,79,4,1718449200
106,76,5,1718452800
106,35,5,1718456400
106,39,3,1718460000
106,9,3,1718463600
106,1,5,1718467200
106,77,5,1718470800
106,49,4,1718474400
106,40,5,1718478000
106,31,5,1718481600
106,3,3,1718485200
106,29,5,1718488800
106,37,4,1718492400
106,2,1,1718496000
106,14,4,1718499600
106,20,5,1718503200
106,18,5,1718506800
106,65,3,1718510400
106,16,3,1718514000
106,43,4,1718517600
106,85,5,1718521200
106,88,5,1718524800
106,26,4,1718528400
106,7,4,1718532000
107,51,5,1718535600
107,25,5,1718539200
107,79,4,1718542800
107,32,4,1718546400
107,35,5,1718550000
107,78,1,1718553600
107,81,5,1718557200
107,73,5,1718560800
107,83,1,1718564400
107,88,1,1718568000
107,40,4,1718571600
107,11,2,1718575200
107,98,4,1718578800
107,37,5,1718582400
107,59,4,1718586000
107,27,3,1718589600
107,50,5,1718593200
107,70,5,1718596800
107,45,5,1718600400
107,96,2,1718604000
107,23,5,1718607600
107,16,5,1718611200
107,14,4,1718614800
107,43,4,1718618400
107,62,3,1718622000
108,84,5,1718625600
108,60,4,1718629200
108,41,5,1718632800
108,46,4,1718636400
108,8,5,1718640000
108,76,2,1718643600
108,63,5,1718647200
108,50,5,1718650800
108,91,3,1718654400
108,55,3,1718658000
108,33,5,1718661600
108,16,1,1718665200
108,80,4,1718668800
108,4,4,1718672400
108,95,5,1718676000
108,1,5,1718679600
108,20,4,1718683200
108,97,4,1718686800
108,25,5,1718690400
108,79,5,1718694000
108,36,5,1718697600
108,96,4,1718701200
108,77,3,1718704800
108,43,4,1718708400
108,67,5,1718712000
108,39,2,1718715600
108,89,3,1718719200
108,59,1,1718722800
108,3,4,1718726400
109,21,5,1718730000
109,6,5,1718733600
109,4,3,1718737200
109,82,3,1718740800
109,95,5,1718744400
109,62,3,1718748000
109,45,4,1718751600
109,37,1,1718755200
109,86,2,1718758800
109,44,5,1718762400
109,78,5,1718766000
109,27,2,1718769600
109,96,3,1718773200
109,28,2,1718776800
109,90,4,1718780400
109,60,2,1718784000
110,3,3,1718787600
110,46,4,1718791200
110,64,4,1718794800
110,61,1,1718798400
110,91,1,1718802000
110,25,5,1718805600
110,43,5,1718809200
110,39,4,1718812800
110,85,4,1718816400
110,87,3,1718820000
110,95,4,1718823600
110,1,4,1718827200
110,12,5,1718830800
110,68,3,1718834400
110,21,5,1718838000
110,84,2,1718841600
110,10,3,1718845200
110,22,1,1718848800
110,23,2,1718852400
110,47,5,1718856000
110,74,4,1718859600
110,57,2,1718863200
110,96,5,1718866800
110,33,5,1718870400
110,62,5,1718874000
110,73,5,1718877600
110,51,3,1718881200
110,83,5,1718884800
110,70,5,1718888400
110,94,5,1718892000
110,60,5,1718895600
110,82,4,1718899200
110,29,5,1718902800
110,24,3,1718906400
110,55,4,1718910000
110,4,2,1718913600
110,99,5,1718917200
110,78,3,1718920800
110,28,4,1718924400
110,37,4,1718928000
110,26,5,1718931600
110,54,4,1718935200
110,63,5,1718938800
110,11,5,1718942400
110,59,4,1718946000
110,7,4,1718949600
110,5,5,1718953200
110,20,5,1718956800
110,15,5,1718960400
110,31,3,1718964000
110,80,5,1718967600
110,52,4,1718971200
110,53,4,1718974800
110,27,5,1718978400
110,66,3,1718982000
110,2,5,1718985600
110,30,4,1718989200
110,14,5,1718992800
110,100,3,1718996400
111,1,5,1719000000
111,72,4,1719003600
111,5,2,1719007200
111,76,5,1719010800
111,23,5,1719014400
111,98,3,1719018000
111,79,5,1719021600
111,85,4,1719025200
111,88,4,1719028800
111,63,3,1719032400
111,33,1,1719036000
111,14,3,1719039600
111,38,2,1719043200
111,10,5,1719046800
111,42,5,1719050400
111,43,5,1719054000
111,26,5,1719057600
111,51,2,1719061200
111,49,5,1719064800
111,94,5,1719068400
111,93,4,1719072000
111,64,2,1719075600
111,96,5,1719079200
111,13,5,1719082800
111,59,5,1719086400
111,39,2,1719090000
111,56,2,1719093600
111,47,4,1719097200
111,99,4,1719100800
112,83,5,1719104400
112,66,4,1719108000
112,14,1,1719111600
112,37,5,1719115200
112,63,4,1719118800
112,98,4,1719122400
112,43,1,1719126000
112,28,5,1719129600
112,94,5,1719133200
112,61,4,1719136800
112,89,4,1719140400
112,49,5,1719144000
112,46,3,1719147600
112,53,3,1719151200
112,5,5,1719154800
112,22,2,1719158400
112,39,4,1719162000
112,79,4,1719165600
112,50,4,1719169200
112,88,3,1719172800
112,32,4,1719176400
112,18,4,1719180000
112,36,4,1719183600
112,13,5,1719187200
112,70,5,1719190800
112,77,2,1719194400
112,9,5,1719198000
112,47,3,1719201600
112,69,4,1719205200
112,55,4,1719208800
112,57,4,1719212400
112,21,5,1719216000
112,54,4,1719219600
112,15,4,1719223200
112,33,5,1719226800
112,19,3,1719230400
112,91,3,1719234000
112,42,1,1719237600
112,8,3,1719241200
112,96,4,1719244800
112,92,4,1719248400
112,59,3,1719252000
113,79,2,1719255600
113,10,5,1719259200
113,20,5,1719262800
113,96,2,1719266400
113,45,4,1719270000
113,88,5,1719273600
113,82,5,1719277200
113,61,5,1719280800
113,48,3,1719284400
113,35,2,1719288000
113,12,3,1719291600
113,94,3,1719295200
113,91,3,1719298800
113,80,3,1719302400
113,36,4,1719306000
113,73,4,1719309600
113,65,5,1719313200
113,25,3,1719316800
113,32,4,1719320400
113,99,1,1719324000
113,90,4,1719327600
113,55,2,1719331200
113,24,5,1719334800
114,39,4,1719338400
114,47,5,1719342000
114,5,5,1719345600
114,79,4,1719349200
114,61,5,1719352800
114,21,2,1719356400
114,95,4,1719360000
114,94,3,1719363600
114,68,3,1719367200
114,64,4,1719370800
114,93,2,1719374400
114,100,5,1719378000
114,97,4,1719381600
114,42,4,1719385200
114,11,2,1719388800
114,45,2,1719392400
114,60,4,1719396000
114,23,5,1719399600
114,70,2,1719403200
114,81,3,1719406800
114,44,5,1719410400
114,41,2,1719414000
114,82,5,1719417600
114,74,4,1719421200
114,63,4,1719424800
114,49,4,1719428400
114,66,3,1719432000
114,91,4,1719435600
114,58,5,1719439200
114,26,5,1719442800
114,22,5,1719446400
114,43,5,1719450000
114,36,3,1719453600
114,96,4,1719457200
114,19,4,1719460800
114,16,5,1719464400
114,80,4,1719468000
114,89,4,1719471600
114,8,5,1719475200
114,38,4,1719478800
114,29,2,1719482400
114,53,4,1719486000
114,99,4,1719489600
114,9,5,1719493200
114,88,5,1719496800
114,67,4,1719500400
114,87,4,1719504000
114,37,5,1719507600
114,84,2,1719511200
114,78,3,1719514800
114,62,5,1719518400
114,56,5,1719522000
114,14,1,1719525600
114,75,3,1719529200
114,52,5,1719532800
114,73,5,1719536400
115,57,4,1719540000
115,94,3,1719543600
115,70,4,1719547200
115,21,5,1719550800
115,26,1,1719554400
115,77,5,1719558000
115,9,5,1719561600
115,76,5,1719565200
115,42,5,1719568800
115,89,5,1719572400
115,51,4,1719576000
115,30,3,1719579600
115,12,4,1719583200
115,97,5,1719586800
115,95,5,1719590400
115,61,5,1719594000
115,60,3,1719597600
115,56,4,1719601200
115,72,4,1719604800
115,20,1,1719608400
115,24,3,1719612000
115,96,2,1719615600
115,8,5,1719619200
115,7,3,1719622800
115,84,3,1719626400
115,55,5,1719630000
115,35,4,1719633600
115,5,1,1719637200
115,79,3,1719640800
115,1,2,1719644400
115,91,2,1719648000
115,43,2,1719651600
115,27,4,1719655200
115,13,3,1719658800
115,90,4,1719662400
115,46,5,1719666000
115,98,4,1719669600
115,74,5,1719673200
115,63,4,1719676800
115,52,4,1719680400
115,41,5,1719684000
116,12,2,1719687600
116,82,4,1719691200
116,10,4,1719694800
116,43,2,1719698400
116,72,4,1719702000
116,88,4,1719705600
116,67,3,1719709200
116,53,5,1719712800
116,6,5,1719716400
116,59,3,1719720000
116,39,3,1719723600
116,44,4,1719727200
116,16,5,1719730800
116,27,3,1719734400
116,2,1,1719738000
116,83,4,1719741600
116,13,5,1719745200
117,30,5,1719748800
117,7,4,1719752400
117,69,3,1719756000
117,29,5,1719759600
117,1,5,1719763200
117,66,5,1719766800
117,53,4,1719770400
117,94,5,1719774000
117,61,1,1719777600
117,56,2,1719781200
117,89,2,1719784800
117,57,5,1719788400
117,77,2,1719792000
117,58,4,1719795600
117,18,4,1719799200
117,27,4,1719802800
117,20,5,1719806400
117,79,3,1719810000
117,83,4,1719813600
117,44,5,1719817200
117,87,1,1719820800
117,60,5,1719824400
117,16,5,1719828000
117,59,5,1719831600
117,86,5,1719835200
117,41,4,1719838800
117,55,4,1719842400
117,91,2,1719846000
117,32,3,1719849600
117,52,2,1719853200
117,72,4,1719856800
117,34,5,1719860400
117,99,4,1719864000
117,42,4,1719867600
117,62,4,1719871200
117,4,4,1719874800
117,49,5,1719878400
117,15,3,1719882000
118,86,3,1719885600
118,5,5,1719889200
118,16,4,1719892800
118,1,4,1719896400
118,50,1,1719900000
118,64,4,1719903600
118,83,5,1719907200
118,70,5,1719910800
118,11,5,1719914400
118,29,5,1719918000
118,67,4,1719921600
118,58,4,1719925200
118,52,5,1719928800
118,47,3,1719932400
118,30,3,1719936000
118,18,5,1719939600
118,65,1,1719943200
118,66,2,1719946800
118,92,4,1719950400
118,48,5,1719954000
118,75,4,1719957600
118,24,4,1719961200
118,63,5,1719964800
118,94,5,1719968400
118,69,5,1719972000
118,74,1,1719975600
118,32,3,1719979200
118,89,4,1719982800
118,82,3,1719986400
118,97,2,1719990000
118,54,3,1719993600
118,79,4,1719997200
118,8,5,1720000800
118,72,5,1720004400
118,6,1,1720008000
118,81,4,1720011600
118,87,2,1720015200
118,4,4,1720018800
118,7,4,1720022400
118,62,4,1720026000
118,40,5,1720029600
118,10,5,1720033200
118,96,4,1720036800
118,42,5,1720040400
118,60,5,1720044000
118,9,5,1720047600
119,72,4,1720051200
119,85,5,1720054800
119,45,1,1720058400
119,79,5,1720062000
119,14,2,1720065600
119,4,1,1720069200
119,57,4,1720072800
119,78,2,1720076400
119,26,5,1720080000
119,3,4,1720083600
119,88,1,1720087200
119,49,1,1720090800
119,25,4,1720094400
119,73,5,1720098000
119,44,4,1720101600
119,39,4,1720105200
119,59,5,1720108800
119,66,4,1720112400
119,58,3,1720116000
119,28,4,1720119600
119,76,4,1720123200
119,83,5,1720126800
119,23,4,1720130400
120,69,4,1720134000
120,33,3,1720137600
120,26,3,1720141200
120,71,4,1720144800
120,91,4,1720148400
120,57,5,1720152000
120,44,5,1720155600
120,60,4,1720159200
120,11,5,1720162800
120,70,5,1720166400
120,40,4,1720170000
120,55,1,1720173600
120,41,2,1720177200
120,4,3,1720180800
120,37,5,1720184400
120,36,5,1720188000
120,17,5,1720191600
120,92,1,1720195200
120,35,5,1720198800
120,64,4,1720202400
120,28,5,1720206000
120,80,3,1720209600
120,72,2,1720213200
120,98,4,1720216800
120,43,5,1720220400
120,59,3,1720224000
120,100,3,1720227600
120,24,5,1720231200
120,3,5,1720234800
120,84,1,1720238400
120,75,5,1720242000
120,14,4,1720245600
120,45,4,1720249200
120,29,4,1720252800
120,50,4,1720256400
120,53,4,1720260000
121,49,5,1720263600
121,57,5,1720267200
121,20,5,1720270800
121,90,4,1720274400
121,15,5,1720278000
121,58,3,1720281600
121,5,3,1720285200
121,36,2,1720288800
121,19,3,1720292400
121,51,5,1720296000
121,2,5,1720299600
121,38,5,1720303200
121,62,4,1720306800
121,71,4,1720310400
121,56,5,1720314000
121,3,4,1720317600
121,93,5,1720321200
122,11,2,1720324800
122,25,5,1720328400
122,41,3,1720332000
122,86,4,1720335600
122,66,5,1720339200
122,3,5,1720342800
122,45,4,1720346400
122,36,5,1720350000
122,55,3,1720353600
122,67,5,1720357200
122,96,5,1720360800
122,64,3,1720364400
122,88,4,1720368000
122,68,2,1720371600
122,53,4,1720375200
122,70,3,1720378800
122,57,4,1720382400
122,75,5,1720386000
122,28,1,1720389600
122,42,4,1720393200
122,50,4,1720396800
122,18,5,1720400400
122,83,4,1720404000
122,19,4,1720407600
122,82,4,1720411200
122,4,3,1720414800
122,65,2,1720418400
122,90,4,1720422000
122,97,2,1720425600
122,43,4,1720429200
122,93,4,1720432800
122,89,4,1720436400
122,6,2,1720440000
122,71,5,1720443600
122,1,5,1720447200
122,46,3,1720450800
122,79,4,1720454400
122,15,4,1720458000
122,20,2,1720461600
122,47,4,1720465200
122,69,3,1720468800
122,56,5,1720472400
122,78,5,1720476000
122,44,4,1720479600
122,84,4,1720483200
122,9,5,1720486800
122,98,5,1720490400
122,85,5,1720494000
123,88,3,1720497600
123,43,5,1720501200
123,100,5,1720504800
123,65,5,1720508400
123,90,3,1720512000
123,58,4,1720515600
123,77,4,1720519200
123,32,3,1720522800
123,6,4,1720526400
123,94,4,1720530000
123,89,4,1720533600
123,83,4,1720537200
123,26,1,1720540800
123,73,4,1720544400
123,53,4,1720548000
123,42,1,1720551600
123,60,4,1720555200
123,50,3,1720558800
123,34,4,1720562400
123,20,2,1720566000
123,81,4,1720569600
123,72,5,1720573200
123,5,4,1720576800
123,11,5,1720580400
123,80,4,1720584000
123,79,4,1720587600
123,38,5,1720591200
123,62,4,1720594800
123,12,5,1720598400
123,1,4,1720602000
123,41,4,1720605600
123,36,5,1720609200
123,84,3,1720612800
123,24,4,1720616400
123,33,3,1720620000
123,3,4,1720623600
123,92,3,1720627200
123,98,4,1720630800
123,86,5,1720634400
123,67,5,1720638000
123,63,4,1720641600
123,75,5,1720645200
123,25,4,1720648800
123,28,4,1720652400
123,95,5,1720656000
123,87,5,1720659600
124,95,5,1720663200
124,45,4,1720666800
124,42,4,1720670400
124,3,5,1720674000
124,50,4,1720677600
124,87,4,1720681200
124,31,2,1720684800
124,58,3,1720688400
124,75,4,1720692000
124,64,1,1720695600
124,63,3,1720699200
124,38,3,1720702800
124,67,3,1720706400
124,36,4,1720710000
124,96,4,1720713600
124,47,5,1720717200
124,43,4,1720720800
124,27,5,1720724400
124,94,5,1720728000
124,70,5,1720731600
124,34,5,1720735200
124,37,5,1720738800
124,8,4,1720742400
124,23,3,1720746000
124,11,3,1720749600
124,1,5,1720753200
124,61,5,1720756800
124,88,5,1720760400
124,93,5,1720764000
124,97,5,1720767600
124,76,4,1720771200
124,6,4,1720774800
124,24,4,1720778400
124,69,4,1720782000
124,46,1,1720785600
125,2,5,1720789200
125,34,3,1720792800
125,18,5,1720796400
125,42,2,1720800000
125,51,5,1720803600
125,88,2,1720807200
125,94,5,1720810800
125,55,4,1720814400
125,90,5,1720818000
125,39,4,1720821600
125,81,4,1720825200
125,80,4,1720828800
125,48,5,1720832400
125,100,1,1720836000
125,92,5,1720839600
125,20,4,1720843200
125,75,5,1720846800
125,5,4,1720850400
126,76,4,1720854000
126,78,4,1720857600
126,80,2,1720861200
126,99,4,1720864800
126,60,4,1720868400
126,47,3,1720872000
126,73,5,1720875600
126,40,4,1720879200
126,13,5,1720882800
126,48,2,1720886400
126,22,4,1720890000
126,93,3,1720893600
126,95,4,1720897200
126,96,2,1720900800
126,81,4,1720904400
126,31,4,1720908000
126,57,3,1720911600
126,5,4,1720915200
126,12,5,1720918800
126,26,3,1720922400
126,29,5,1720926000
126,82,5,1720929600
126,54,4,1720933200
126,27,5,1720936800
126,38,5,1720940400
126,15,4,1720944000
126,69,5,1720947600
126,92,5,1720951200
126,83,4,1720954800
126,52,4,1720958400
126,41,5,1720962000
126,56,5,1720965600
126,94,2,1720969200
126,72,2,1720972800
126,30,5,1720976400
126,89,2,1720980000
126,84,5,1720983600
126,77,3,1720987200
127,43,2,1720990800
127,27,4,1720994400
127,6,4,1720998000
127,92,5,1721001600
127,10,2,1721005200
127,12,3,1721008800
127,46,4,1721012400
127,69,5,1721016000
127,87,5,1721019600
127,20,5,1721023200
127,49,5,1721026800
127,57,1,1721030400
127,60,1,1721034000
127,83,2,1721037600
127,9,4,1721041200
127,98,5,1721044800
127,54,5,1721048400
127,34,3,1721052000
127,67,4,1721055600
127,40,5,1721059200
127,82,4,1721062800
127,80,2,1721066400
127,33,4,1721070000
127,61,4,1721073600
127,4,4,1721077200
127,13,4,1721080800
128,12,4,1721084400
128,76,4,1721088000
128,7,3,1721091600
128,95,4,1721095200
128,2,3,1721098800
128,8,3,1721102400
128,84,5,1721106000
128,92,1,1721109600
128,18,4,1721113200
128,13,4,1721116800
128,61,4,1721120400
128,48,5,1721124000
128,32,4,1721127600
128,58,3,1721131200
128,56,5,1721134800
128,49,5,1721138400
128,87,1,1721142000
128,27,4,1721145600
128,67,4,1721149200
129,82,5,1721152800
129,21,4,1721156400
129,77,3,1721160000
129,54,2,1721163600
129,39,4,1721167200
129,22,5,1721170800
129,28,5,1721174400
129,7,3,1721178000
129,2,4,1721181600
129,61,5,1721185200
129,37,3,1721188800
129,31,4,1721192400
129,49,4,1721196000
129,100,2,1721199600
129,20,1,1721203200
129,32,4,1721206800
129,95,1,1721210400
129,75,2,1721214000
129,12,4,1721217600
129,48,1,1721221200
129,56,4,1721224800
129,27,2,1721228400
129,85,4,1721232000
129,98,5,1721235600
129,52,4,1721239200
129,91,4,1721242800
129,11,2,1721246400
129,70,4,1721250000
129,4,3,1721253600
129,50,2,1721257200
129,43,5,1721260800
129,45,5,1721264400
129,74,4,1721268000
129,58,1,1721271600
129,93,5,1721275200
129,89,2,1721278800
129,63,5,1721282400
129,60,4,1721286000
129,78,4,1721289600
129,18,4,1721293200
129,83,5,1721296800
129,29,5,1721300400
129,86,4,1721304000
129,41,5,1721307600
129,5,4,1721311200
129,64,5,1721314800
129,34,5,1721318400
129,17,1,1721322000
130,48,5,1721325600
130,75,4,1721329200
130,94,5,1721332800
130,70,4,1721336400
130,96,2,1721340000
130,5,5,1721343600
130,81,5,1721347200
130,7,4,1721350800
130,21,4,1721354400
130,26,2,1721358000
130,24,5,1721361600
130,68,5,1721365200
130,100,2,1721368800
130,1,3,1721372400
130,80,5,1721376000
130,30,3,1721379600
130,29,5,1721383200
130,99,4,1721386800
130,86,4,1721390400
130,11,4,1721394000
130,97,3,1721397600
130,64,1,1721401200
130,85,5,1721404800
130,36,5,1721408400
130,33,5,1721412000
130,60,4,1721415600
130,14,3,1721419200
130,45,1,1721422800
130,19,5,1721426400
130,22,4,1721430000
130,98,4,1721433600
130,15,2,1721437200
130,89,2,1721440800
130,35,4,1721444400
130,63,5,1721448000
130,43,5,1721451600
130,25,5,1721455200
130,61,5,1721458800
130,50,5,1721462400
130,92,4,1721466000
130,62,3,1721469600
130,3,5,1721473200
130,46,3,1721476800
130,9,3,1721480400
130,82,3,1721484000
130,8,4,1721487600
130,2,4,1721491200
130,78,3,1721494800
131,100,4,1721498400
131,61,4,1721502000
131,57,3,1721505600
131,15,4,1721509200
131,52,1,1721512800
131,95,5,1721516400
131,66,5,1721520000
131,55,3,1721523600
131,89,3,1721527200
131,53,1,1721530800
131,81,5,1721534400
131,40,5,1721538000
131,69,4,1721541600
131,43,4,1721545200
131,97,3,1721548800
131,62,4,1721552400
131,12,5,1721556000
131,80,4,1721559600
131,73,5,1721563200
131,99,4,1721566800
131,47,2,1721570400
131,59,4,1721574000
131,22,4,1721577600
131,4,5,1721581200
131,30,4,1721584800
131,24,4,1721588400
131,46,5,1721592000
131,98,4,1721595600
131,63,4,1721599200
131,82,5,1721602800
131,26,4,1721606400
131,11,3,1721610000
131,60,5,1721613600
131,20,1,1721617200
131,49,3,1721620800
131,79,4,1721624400
131,94,3,1721628000
131,93,5,1721631600
131,64,4,1721635200
131,7,4,1721638800
131,5,3,1721642400
131,67,3,1721646000
131,35,4,1721649600
131,75,4,1721653200
131,86,5,1721656800
131,6,3,1721660400
131,29,5,1721664000
131,72,3,1721667600
131,38,4,1721671200
131,21,4,1721674800
131,39,2,1721678400
131,25,4,1721682000
132,41,5,1721685600
132,5,5,1721689200
132,93,4,1721692800
132,13,5,1721696400
132,44,5,1721700000
132,33,4,1721703600
132,90,2,1721707200
132,89,5,1721710800
132,7,1,1721714400
132,55,5,1721718000
132,76,5,1721721600
132,80,4,1721725200
132,12,2,1721728800
132,35,3,1721732400
132,23,4,1721736000
132,39,5,1721739600
132,32,4,1721743200
132,95,2,1721746800
132,88,4,1721750400
132,99,5,1721754000
132,53,4,1721757600
132,11,5,1721761200
132,78,4,1721764800
132,16,5,1721768400
132,68,4,1721772000
132,66,3,1721775600
132,91,5,1721779200
132,38,4,1721782800
132,67,3,1721786400
132,62,5,1721790000
132,64,5,1721793600
132,9,3,1721797200
132,100,4,1721800800
132,83,5,1721804400
132,29,5,1721808000
132,71,3,1721811600
132,42,4,1721815200
132,49,4,1721818800
132,96,5,1721822400
132,84,3,1721826000
132,51,5,1721829600
132,94,1,1721833200
132,60,5,1721836800
132,2,5,1721840400
132,31,3,1721844000
132,45,4,1721847600
132,22,4,1721851200
132,37,5,1721854800
132,15,4,1721858400
132,50,5,1721862000
132,56,5,1721865600
132,27,5,1721869200
132,77,5,1721872800
132,14,4,1721876400
132,72,5,1721880000
133,66,4,1721883600
133,64,5,1721887200
133,15,5,1721890800
133,28,1,1721894400
133,23,2,1721898000
133,68,4,1721901600
133,21,3,1721905200
133,100,3,1721908800
133,45,3,1721912400
133,71,3,1721916000
133,55,2,1721919600
133,38,5,1721923200
133,11,2,1721926800
133,1,3,1721930400
133,29,3,1721934000
133,7,5,1721937600
133,18,5,1721941200
133,17,5,1721944800
133,48,2,1721948400
133,50,5,1721952000
133,98,4,1721955600
133,57,3,1721959200
133,16,4,1721962800
133,43,5,1721966400
133,8,5,1721970000
133,89,5,1721973600
133,26,5,1721977200
133,22,3,1721980800
133,75,4,1721984400
133,12,1,1721988000
133,53,5,1721991600
133,46,3,1721995200
133,35,5,1721998800
133,76,4,1722002400
133,6,4,1722006000
133,32,1,1722009600
133,92,4,1722013200
133,90,5,1722016800
133,73,1,1722020400
133,81,4,1722024000
133,61,1,1722027600
133,42,4,1722031200
133,79,3,1722034800
133,56,3,1722038400
133,52,5,1722042000
133,30,4,1722045600
133,85,3,1722049200
133,62,4,1722052800
133,93,2,1722056400
133,9,3,1722060000
133,80,4,1722063600
133,19,3,1722067200
133,97,5,1722070800
133,84,4,1722074400
133,99,5,1722078000
133,41,5,1722081600
134,29,5,1722085200
134,99,5,1722088800
134,41,3,1722092400
134,86,5,1722096000
134,12,4,1722099600
134,25,3,1722103200
134,18,5,1722106800
134,8,4,1722110400
134,27,5,1722114000
134,36,4,1722117600
134,100,4,1722121200
134,65,5,1722124800
134,79,4,1722128400
134,96,4,1722132000
134,60,2,1722135600
134,51,5,1722139200
134,98,1,1722142800
134,24,5,1722146400
134,45,4,1722150000
134,19,4,1722153600
134,39,5,1722157200
134,80,3,1722160800
134,10,4,1722164400
134,55,5,1722168000
134,11,5,1722171600
134,15,4,1722175200
135,47,5,1722178800
135,71,3,1722182400
135,40,5,1722186000
135,81,4,1722189600
135,45,4,1722193200
135,69,5,1722196800
135,13,3,1722200400
135,7,3,1722204000
135,51,5,1722207600
135,75,3,1722211200
135,67,5,1722214800
135,24,4,1722218400
135,95,2,1722222000
135,34,5,1722225600
135,100,4,1722229200
135,83,2,1722232800
135,35,4,1722236400
135,55,5,1722240000
135,4,4,1722243600
135,22,4,1722247200
135,98,4,1722250800
135,66,1,1722254400
135,58,2,1722258000
135,14,5,1722261600
135,64,5,1722265200
135,63,3,1722268800
135,97,4,1722272400
135,17,5,1722276000
135,77,3,1722279600
135,8,3,1722283200
136,50,5,1722286800
136,22,3,1722290400
136,40,3,1722294000
136,36,5,1722297600
136,31,4,1722301200
136,25,5,1722304800
136,28,5,1722308400
136,81,5,1722312000
136,38,2,1722315600
136,30,5,1722319200
136,18,5,1722322800
136,63,5,1722326400
136,29,4,1722330000
136,39,3,1722333600
136,54,5,1722337200
136,57,4,1722340800
136,75,4,1722344400
136,19,4,1722348000
136,69,4,1722351600
136,24,5,1722355200
136,62,4,1722358800
136,94,5,1722362400
136,55,1,1722366000
136,71,4,1722369600
136,20,4,1722373200
136,16,5,1722376800
136,49,4,1722380400
136,23,4,1722384000
136,60,5,1722387600
136,88,5,1722391200
136,59,4,1722394800
136,95,4,1722398400
136,64,4,1722402000
136,46,4,1722405600
136,35,2,1722409200
136,26,5,1722412800
136,61,5,1722416400
136,86,4,1722420000
136,48,4,1722423600
136,7,5,1722427200
136,90,3,1722430800
136,45,5,1722434400
136,100,2,1722438000
136,91,4,1722441600
136,74,5,1722445200
136,76,4,1722448800
136,33,4,1722452400
136,2,5,1722456000
136,98,5,1722459600
136,32,5,1722463200
136,70,4,1722466800
137,80,5,1722470400
137,40,4,1722474000
137,38,3,1722477600
137,25,2,1722481200
137,14,5,1722484800
137,3,5,1722488400
137,95,1,1722492000
137,99,4,1722495600
137,45,5,1722499200
137,88,5,1722502800
137,31,4,1722506400
137,46,5,1722510000
137,10,4,1722513600
137,19,3,1722517200
137,47,1,1722520800
137,68,4,1722524400
137,13,4,1722528000
137,7,5,1722531600
137,17,3,1722535200
137,18,4,1722538800
137,53,1,1722542400
137,15,5,1722546000
137,90,5,1722549600
137,11,3,1722553200
137,69,4,1722556800
137,27,2,1722560400
137,65,4,1722564000
137,42,2,1722567600
137,67,4,1722571200
137,87,5,1722574800
137,72,4,1722578400
137,16,3,1722582000
137,56,4,1722585600
137,77,4,1722589200
137,5,4,1722592800
137,76,2,1722596400
137,1,5,1722600000
137,54,4,1722603600
137,92,3,1722607200
137,71,2,1722610800
137,22,5,1722614400
137,61,3,1722618000
137,52,5,1722621600
137,83,4,1722625200
137,6,4,1722628800
137,74,5,1722632400
137,29,1,1722636000
137,2,4,1722639600
137,8,4,1722643200
137,82,5,1722646800
137,85,4,1722650400
137,55,4,1722654000
137,84,3,1722657600
137,89,4,1722661200
138,75,4,1722664800
138,74,5,1722668400
138,18,4,1722672000
138,4,5,1722675600
138,62,4,1722679200
138,69,5,1722682800
138,49,4,1722686400
138,77,1,1722690000
138,66,4,1722693600
138,51,5,1722697200
138,40,3,1722700800
138,21,4,1722704400
138,16,3,1722708000
138,55,2,1722711600
138,78,4,1722715200
138,23,5,1722718800
138,29,4,1722722400
138,35,4,1722726000
138,54,5,1722729600
138,68,5,1722733200
138,7,5,1722736800
138,14,3,1722740400
138,48,4,1722744000
138,88,4,1722747600
138,8,4,1722751200
138,79,5,1722754800
138,59,4,1722758400
138,63,2,1722762000
138,47,5,1722765600
138,3,4,1722769200
138,30,5,1722772800
138,97,4,1722776400
138,61,2,1722780000
138,76,4,1722783600
138,34,4,1722787200
138,17,3,1722790800
138,56,4,1722794400
138,85,4,1722798000
138,70,4,1722801600
139,45,4,1722805200
139,90,5,1722808800
139,99,4,1722812400
139,57,4,1722816000
139,96,5,1722819600
139,53,5,1722823200
139,26,5,1722826800
139,87,4,1722830400
139,17,4,1722834000
139,56,4,1722837600
139,36,5,1722841200
139,97,5,1722844800
139,19,3,1722848400
139,28,2,1722852000
139,21,1,1722855600
139,33,3,1722859200
139,67,3,1722862800
139,93,4,1722866400
139,38,3,1722870000
139,72,4,1722873600
139,49,3,1722877200
139,73,3,1722880800
139,52,4,1722884400
139,75,5,1722888000
139,78,4,1722891600
139,40,4,1722895200
139,81,4,1722898800
139,82,3,1722902400
139,29,4,1722906000
140,58,5,1722909600
140,9,5,1722913200
140,19,4,1722916800
140,39,5,1722920400
140,5,4,1722924000
140,49,2,1722927600
140,87,3,1722931200
140,29,4,1722934800
140,89,3,1722938400
140,50,3,1722942000
140,43,2,1722945600
140,1,5,1722949200
140,91,3,1722952800
140,47,3,1722956400
140,75,3,1722960000
140,20,4,1722963600
140,79,4,1722967200
140,33,3,1722970800
140,6,4,1722974400
140,68,5,1722978000
140,28,4,1722981600
140,78,4,1722985200
140,97,4,1722988800
140,14,3,1722992400
140,83,5,1722996000
140,56,5,1722999600
140,98,4,1723003200
140,60,4,1723006800
140,90,5,1723010400
140,53,4,1723014000
141,48,1,1723017600
141,65,5,1723021200
141,8,5,1723024800
141,31,4,1723028400
141,46,2,1723032000
141,74,2,1723035600
141,97,3,1723039200
141,35,1,1723042800
141,58,5,1723046400
141,85,4,1723050000
141,39,5,1723053600
141,21,5,1723057200
141,66,5,1723060800
141,67,5,1723064400
141,24,5,1723068000
141,94,4,1723071600
141,81,5,1723075200
141,30,5,1723078800
142,60,5,1723082400
142,84,4,1723086000
142,29,4,1723089600
142,38,4,1723093200
142,34,5,1723096800
142,43,4,1723100400
142,27,3,1723104000
142,75,3,1723107600
142,66,4,1723111200
142,71,4,1723114800
142,99,1,1723118400
142,64,5,1723122000
142,57,5,1723125600
142,11,5,1723129200
142,56,2,1723132800
142,82,4,1723136400
142,51,5,1723140000
142,20,5,1723143600
142,22,3,1723147200
142,19,3,1723150800
143,53,5,1723154400
143,56,3,1723158000
143,63,1,1723161600
143,97,3,1723165200
143,33,3,1723168800
143,74,5,1723172400
143,100,5,1723176000
143,70,2,1723179600
143,29,4,1723183200
143,9,4,1723186800
143,43,2,1723190400
143,80,4,1723194000
143,64,4,1723197600
143,78,4,1723201200
143,87,5,1723204800
143,81,5,1723208400
143,6,2,1723212000
143,28,5,1723215600
143,20,5,1723219200
143,19,5,1723222800
143,54,4,1723226400
143,90,5,1723230000
143,47,5,1723233600
143,66,4,1723237200
143,57,4,1723240800
143,98,5,1723244400
143,13,5,1723248000
143,91,5,1723251600
143,95,5,1723255200
143,39,4,1723258800
143,31,2,1723262400
143,60,3,1723266000
143,30,5,1723269600
143,83,4,1723273200
143,52,2,1723276800
143,79,5,1723280400
143,58,5,1723284000
143,68,3,1723287600
143,55,3,1723291200
143,99,4,1723294800
143,12,1,1723298400
143,40,5,1723302000
143,46,4,1723305600
143,67,5,1723309200
143,62,5,1723312800
143,92,5,1723316400
143,41,4,1723320000
143,72,4,1723323600
143,86,4,1723327200
143,15,4,1723330800
143,48,5,1723334400
143,51,4,1723338000
143,1,5,1723341600
143,25,2,1723345200
143,77,2,1723348800
143,44,5,1723352400
143,23,4,1723356000
143,65,4,1723359600
143,14,4,1723363200
144,6,5,1723366800
144,39,4,1723370400
144,22,4,1723374000
144,63,4,1723377600
144,21,5,1723381200
144,91,4,1723384800
144,67,2,1723388400
144,92,4,1723392000
144,71,3,1723395600
144,15,5,1723399200
144,12,5,1723402800
144,75,2,1723406400
144,56,3,1723410000
144,53,2,1723413600
144,27,5,1723417200
144,38,5,1723420800
144,85,2,1723424400
144,33,4,1723428000
145,42,4,1723431600
145,32,3,1723435200
145,33,3,1723438800
145,34,3,1723442400
145,81,3,1723446000
145,41,5,1723449600
145,9,3,1723453200
145,73,4,1723456800
145,99,2,1723460400
145,65,5,1723464000
145,94,4,1723467600
145,46,5,1723471200
145,67,4,1723474800
145,4,5,1723478400
145,86,5,1723482000
145,47,5,1723485600
145,53,2,1723489200
145,1,1,1723492800
145,37,3,1723496400
145,96,2,1723500000
145,98,5,1723503600
145,44,4,1723507200
145,77,4,1723510800
145,90,3,1723514400
145,59,3,1723518000
145,68,3,1723521600
145,18,4,1723525200
145,84,5,1723528800
145,52,3,1723532400
145,60,5,1723536000
145,83,4,1723539600
145,14,5,1723543200
145,45,3,1723546800
145,16,4,1723550400
145,29,2,1723554000
145,5,4,1723557600
145,64,4,1723561200
145,36,5,1723564800
145,21,3,1723568400
145,24,3,1723572000
145,8,4,1723575600
145,11,4,1723579200
145,70,4,1723582800
145,28,5,1723586400
145,95,4,1723590000
145,15,5,1723593600
146,21,5,1723597200
146,65,3,1723600800
146,79,3,1723604400
146,24,5,1723608000
146,4,3,1723611600
146,62,3,1723615200
146,72,1,1723618800
146,29,5,1723622400
146,56,4,1723626000
146,86,5,1723629600
146,99,3,1723633200
146,43,5,1723636800
146,36,4,1723640400
146,58,4,1723644000
146,85,4,1723647600
146,67,4,1723651200
146,8,4,1723654800
146,73,4,1723658400
146,60,3,1723662000
146,38,4,1723665600
146,87,4,1723669200
146,92,4,1723672800
146,69,4,1723676400
146,19,5,1723680000
146,77,5,1723683600
146,34,4,1723687200
146,63,5,1723690800
146,25,1,1723694400
146,74,5,1723698000
146,1,4,1723701600
146,45,4,1723705200
146,68,2,1723708800
146,41,2,1723712400
146,12,1,1723716000
146,70,3,1723719600
146,78,1,1723723200
146,90,5,1723726800
147,13,3,1723730400
147,83,4,1723734000
147,86,2,1723737600
147,81,4,1723741200
147,92,4,1723744800
147,56,5,1723748400
147,96,4,1723752000
147,23,2,1723755600
147,21,4,1723759200
147,15,2,1723762800
147,63,3,1723766400
147,31,4,1723770000
147,30,2,1723773600
147,55,4,1723777200
147,85,4,1723780800
148,86,4,1723784400
148,91,5,1723788000
148,51,5,1723791600
148,6,5,1723795200
148,97,2,1723798800
148,89,5,1723802400
148,84,5,1723806000
148,37,4,1723809600
148,26,4,1723813200
148,22,5,1723816800
148,25,4,1723820400
148,1,5,1723824000
148,94,4,1723827600
148,99,5,1723831200
148,41,5,1723834800
148,44,4,1723838400
148,71,5,1723842000
148,31,4,1723845600
148,64,4,1723849200
148,42,2,1723852800
148,27,4,1723856400
148,93,5,1723860000
148,49,5,1723863600
148,13,3,1723867200
148,11,4,1723870800
149,92,5,1723874400
149,90,4,1723878000
149,49,4,1723881600
149,59,4,1723885200
149,86,4,1723888800
149,99,4,1723892400
149,2,5,1723896000
149,97,5,1723899600
149,42,4,1723903200
149,53,4,1723906800
149,71,4,1723910400
149,6,4,1723914000
149,32,4,1723917600
149,19,1,1723921200
149,31,3,1723924800
149,85,4,1723928400
150,50,3,1723932000
150,47,4,1723935600
150,24,4,1723939200
150,73,4,1723942800
150,9,3,1723946400
150,93,4,1723950000
150,72,5,1723953600
150,100,4,1723957200
150,60,3,1723960800
150,36,5,1723964400
150,96,5,1723968000
150,68,5,1723971600
150,40,3,1723975200
150,46,2,1723978800
150,15,4,1723982400
150,92,4,1723986000
150,87,4,1723989600
150,74,4,1723993200
150,59,3,1723996800
150,77,4,1724000400
150,12,5,1724004000
150,8,4,1724007600
150,55,5,1724011200
150,69,4,1724014800
150,54,4,1724018400
150,88,4,1724022000
150,98,4,1724025600
150,22,1,1724029200
150,41,5,1724032800
150,51,5,1724036400
150,76,4,1724040000
150,80,1,1724043600
151,81,2,1724047200
151,18,4,1724050800
151,65,4,1724054400
151,56,5,1724058000
151,93,3,1724061600
151,49,5,1724065200
151,66,3,1724068800
151,71,5,1724072400
151,41,4,1724076000
151,68,2,1724079600
151,34,5,1724083200
151,43,3,1724086800
151,57,3,1724090400
151,8,4,1724094000
151,97,5,1724097600
151,99,3,1724101200
151,63,3,1724104800
151,38,1,1724108400
151,77,4,1724112000
151,26,4,1724115600
151,23,3,1724119200
152,75,2,1724122800
152,17,2,1724126400
152,85,5,1724130000
152,53,3,1724133600
152,67,3,1724137200
152,13,1,1724140800
152,43,3,1724144400
152,65,5,1724148000
152,80,4,1724151600
152,66,4,1724155200
152,45,5,1724158800
152,62,2,1724162400
152,14,2,1724166000
152,60,5,1724169600
152,93,5,1724173200
152,91,3,1724176800
152,69,4,1724180400
152,74,4,1724184000
152,49,4,1724187600
152,87,2,1724191200
152,57,4,1724194800
152,26,2,1724198400
152,1,5,1724202000
152,18,4,1724205600
152,59,4,1724209200
152,15,1,1724212800
152,33,2,1724216400
152,58,5,1724220000
152,51,5,1724223600
152,99,5,1724227200
152,78,5,1724230800
152,48,2,1724234400
152,30,5,1724238000
152,70,3,1724241600
152,88,2,1724245200
152,39,5,1724248800
153,6,4,1724252400
153,20,2,1724256000
153,15,3,1724259600
153,45,3,1724263200
153,99,5,1724266800
153,28,5,1724270400
153,94,5,1724274000
153,100,5,1724277600
153,49,4,1724281200
153,54,5,1724284800
153,77,4,1724288400
153,30,5,1724292000
153,22,3,1724295600
153,3,4,1724299200
153,46,4,1724302800
153,18,1,1724306400
153,47,4,1724310000
153,14,5,1724313600
153,83,4,1724317200
153,71,4,1724320800
153,40,3,1724324400
153,78,5,1724328000
153,42,4,1724331600
153,89,5,1724335200
153,96,5,1724338800
153,60,5,1724342400
153,56,2,1724346000
153,48,4,1724349600
153,37,5,1724353200
153,21,5,1724356800
153,8,5,1724360400
153,62,4,1724364000
153,12,4,1724367600
154,82,5,1724371200
154,55,4,1724374800
154,30,5,1724378400
154,94,4,1724382000
154,85,4,1724385600
154,79,4,1724389200
154,42,4,1724392800
154,91,4,1724396400
154,76,5,1724400000
154,32,5,1724403600
154,88,5,1724407200
154,46,3,1724410800
154,56,5,1724414400
154,70,4,1724418000
154,99,4,1724421600
154,11,5,1724425200
154,26,4,1724428800
154,7,2,1724432400
154,63,4,1724436000
154,39,5,1724439600
154,47,4,1724443200
154,90,4,1724446800
154,77,5,1724450400
154,2,5,1724454000
154,17,5,1724457600
154,23,4,1724461200
154,74,3,1724464800
154,81,4,1724468400
154,96,4,1724472000
154,28,5,1724475600
154,34,1,1724479200
154,5,4,1724482800
154,20,5,1724486400
154,18,5,1724490000
154,83,5,1724493600
154,36,5,1724497200
154,95,5,1724500800
154,25,5,1724504400
154,24,4,1724508000
154,61,5,1724511600
154,80,4,1724515200
154,54,3,1724518800
154,9,3,1724522400
154,89,5,1724526000
154,72,5,1724529600
154,64,3,1724533200
154,44,2,1724536800
154,51,5,1724540400
154,84,5,1724544000
154,97,3,1724547600
154,21,4,1724551200
154,13,5,1724554800
154,59,4,1724558400
154,71,5,1724562000
155,25,5,1724565600
155,44,4,1724569200
155,66,5,1724572800
155,20,5,1724576400
155,49,4,1724580000
155,16,2,1724583600
155,14,4,1724587200
155,46,3,1724590800
155,5,4,1724594400
155,65,4,1724598000
155,10,5,1724601600
155,6,5,1724605200
155,98,5,1724608800
155,26,2,1724612400
155,72,4,1724616000
155,62,1,1724619600
155,43,5,1724623200
155,17,5,1724626800
155,52,3,1724630400
155,42,2,1724634000
155,87,4,1724637600
155,84,5,1724641200
155,40,4,1724644800
155,100,1,1724648400
155,8,5,1724652000
155,79,5,1724655600
155,69,2,1724659200
155,38,5,1724662800
155,18,4,1724666400
155,73,4,1724670000
155,2,4,1724673600
155,75,5,1724677200
155,78,5,1724680800
155,7,2,1724684400
155,86,5,1724688000
155,9,2,1724691600
155,53,5,1724695200
155,34,4,1724698800
155,61,3,1724702400
155,97,3,1724706000
155,94,5,1724709600
156,12,5,1724713200
156,91,3,1724716800
156,32,5,1724720400
156,18,4,1724724000
156,34,1,1724727600
156,65,4,1724731200
156,23,2,1724734800
156,60,5,1724738400
156,4,4,1724742000
156,40,1,1724745600
156,37,3,1724749200
156,7,5,1724752800
156,78,3,1724756400
156,97,4,1724760000
156,77,4,1724763600
156,75,5,1724767200
156,98,4,1724770800
156,47,5,1724774400
156,58,2,1724778000
156,21,1,1724781600
156,48,3,1724785200
156,93,4,1724788800
156,92,5,1724792400
156,20,4,1724796000
156,94,4,1724799600
156,85,5,1724803200
156,1,3,1724806800
156,30,2,1724810400
156,46,5,1724814000
156,87,4,1724817600
156,13,4,1724821200
156,42,4,1724824800
156,28,4,1724828400
156,96,2,1724832000
156,3,5,1724835600
156,6,4,1724839200
156,67,2,1724842800
156,19,5,1724846400
156,100,4,1724850000
156,52,5,1724853600
156,33,1,1724857200
156,35,1,1724860800
156,22,3,1724864400
156,61,3,1724868000
156,99,5,1724871600
156,73,5,1724875200
156,14,4,1724878800
156,41,5,1724882400
156,69,3,1724886000
156,9,5,1724889600
156,43,5,1724893200
156,49,4,1724896800
156,31,2,1724900400
156,16,5,1724904000
156,56,4,1724907600
156,24,5,1724911200
156,80,3,1724914800
156,79,4,1724918400
156,54,4,1724922000
157,60,4,1724925600
157,96,5,1724929200
157,24,4,1724932800
157,43,4,1724936400
157,42,5,1724940000
157,10,4,1724943600
157,33,4,1724947200
157,93,2,1724950800
157,61,4,1724954400
157,6,4,1724958000
157,74,4,1724961600
157,36,5,1724965200
157,22,5,1724968800
157,51,5,1724972400
157,65,4,1724976000
157,12,5,1724979600
157,69,4,1724983200
157,31,3,1724986800
157,62,4,1724990400
157,92,2,1724994000
157,47,4,1724997600
157,2,4,1725001200
157,14,5,1725004800
157,73,4,1725008400
157,56,5,1725012000
157,26,3,1725015600
157,84,3,1725019200
157,81,4,1725022800
157,37,5,1725026400
157,39,1,1725030000
157,94,3,1725033600
157,99,4,1725037200
157,17,4,1725040800
157,30,5,1725044400
157,27,4,1725048000
157,32,3,1725051600
157,46,5,1725055200
157,85,3,1725058800
157,7,5,1725062400
157,67,5,1725066000
157,66,5,1725069600
157,16,4,1725073200
157,98,4,1725076800
157,78,4,1725080400
157,100,5,1725084000
157,11,4,1725087600
157,55,4,1725091200
157,49,5,1725094800
157,54,2,1725098400
157,79,5,1725102000
157,25,5,1725105600
157,41,4,1725109200
157,4,4,1725112800
158,66,3,1725116400
158,20,5,1725120000
158,42,5,1725123600
158,9,5,1725127200
158,80,4,1725130800
158,74,5,1725134400
158,71,5,1725138000
158,1,3,1725141600
158,67,4,1725145200
158,38,4,1725148800
158,85,4,1725152400
158,6,5,1725156000
158,10,5,1725159600
158,29,5,1725163200
158,22,5,1725166800
158,93,4,1725170400
158,64,4,1725174000
159,16,5,1725177600
159,72,3,1725181200
159,75,2,1725184800
159,41,4,1725188400
159,5,4,1725192000
159,38,5,1725195600
159,8,4,1725199200
159,26,5,1725202800
159,18,5,1725206400
159,97,4,1725210000
159,42,5,1725213600
159,54,3,1725217200
159,86,3,1725220800
159,56,5,1725224400
159,9,3,1725228000
159,94,1,1725231600
159,27,5,1725235200
159,49,4,1725238800
159,88,4,1725242400
159,24,5,1725246000
159,84,4,1725249600
159,59,5,1725253200
159,14,2,1725256800
159,74,4,1725260400
159,55,5,1725264000
159,73,4,1725267600
159,33,5,1725271200
159,60,5,1725274800
159,81,5,1725278400
159,52,4,1725282000
159,96,4,1725285600
159,37,5,1725289200
159,68,4,1725292800
159,90,5,1725296400
159,92,4,1725300000
159,23,2,1725303600
159,44,2,1725307200
159,100,5,1725310800
159,20,4,1725314400
159,91,2,1725318000
159,29,5,1725321600
159,63,4,1725325200
159,66,5,1725328800
159,70,2,1725332400
159,85,5,1725336000
159,47,4,1725339600
159,45,5,1725343200
159,93,1,1725346800
159,71,4,1725350400
159,22,3,1725354000
160,97,5,1725357600
160,60,4,1725361200
160,38,5,1725364800
160,87,1,1725368400
160,71,4,1725372000
160,25,5,1725375600
160,55,3,1725379200
160,23,5,1725382800
160,29,5,1725386400
160,19,5,1725390000
160,49,4,1725393600
160,15,4,1725397200
160,40,5,1725400800
160,65,5,1725404400
160,13,4,1725408000
160,80,5,1725411600
160,79,5,1725415200
160,46,5,1725418800
160,34,2,1725422400
160,50,2,1725426000
160,1,4,1725429600
160,69,4,1725433200
160,70,5,1725436800
160,73,3,1725440400
160,28,5,1725444000
160,31,4,1725447600
160,9,4,1725451200
160,44,3,1725454800
160,41,4,1725458400
160,45,2,1725462000
160,43,2,1725465600
160,7,5,1725469200
160,100,3,1725472800
160,95,3,1725476400
160,96,5,1725480000
160,91,2,1725483600
161,52,5,1725487200
161,69,4,1725490800
161,65,5,1725494400
161,30,2,1725498000
161,20,5,1725501600
161,63,4,1725505200
161,24,4,1725508800
161,89,5,1725512400
161,17,2,1725516000
161,53,5,1725519600
161,57,5,1725523200
161,2,3,1725526800
161,14,5,1725530400
161,6,4,1725534000
161,68,5,1725537600
161,29,4,1725541200
161,31,5,1725544800
161,100,4,1725548400
161,12,2,1725552000
161,21,4,1725555600
161,90,3,1725559200
161,33,4,1725562800
161,76,3,1725566400
161,91,1,1725570000
161,3,3,1725573600
161,86,4,1725577200
161,66,4,1725580800
161,85,4,1725584400
161,47,3,1725588000
161,10,5,1725591600
161,80,5,1725595200
161,48,4,1725598800
161,79,5,1725602400
162,22,4,1725606000
162,100,4,1725609600
162,57,4,1725613200
162,63,2,1725616800
162,70,1,1725620400
162,56,5,1725624000
162,19,5,1725627600
162,9,4,1725631200
162,30,5,1725634800
162,89,5,1725638400
162,51,2,1725642000
162,31,2,1725645600
162,87,5,1725649200
162,1,4,1725652800
162,95,5,1725656400
162,74,5,1725660000
162,50,4,1725663600
162,46,1,1725667200
162,54,3,1725670800
162,86,2,1725674400
162,60,3,1725678000
162,6,4,1725681600
163,96,4,1725685200
163,33,4,1725688800
163,21,3,1725692400
163,40,4,1725696000
163,23,4,1725699600
163,95,5,1725703200
163,43,4,1725706800
163,94,4,1725710400
163,57,1,1725714000
163,45,5,1725717600
163,97,4,1725721200
163,3,5,1725724800
163,77,4,1725728400
163,53,4,1725732000
163,89,5,1725735600
163,90,4,1725739200
163,42,5,1725742800
163,73,4,1725746400
163,9,5,1725750000
163,5,5,1725753600
163,86,3,1725757200
163,30,4,1725760800
163,17,2,1725764400
163,35,2,1725768000
163,71,5,1725771600
163,14,2,1725775200
163,64,4,1725778800
163,4,3,1725782400
163,51,4,1725786000
163,24,2,1725789600
163,6,3,1725793200
163,29,5,1725796800
163,37,4,1725800400
163,26,5,1725804000
163,58,1,1725807600
163,2,5,1725811200
163,31,5,1725814800
163,41,3,1725818400
163,88,5,1725822000
163,92,5,1725825600
163,27,4,1725829200
163,28,5,1725832800
163,98,4,1725836400
163,100,4,1725840000
163,56,4,1725843600
163,38,5,1725847200
163,50,4,1725850800
163,75,4,1725854400
163,34,4,1725858000
164,9,5,1725861600
164,93,4,1725865200
164,46,4,1725868800
164,24,5,1725872400
164,61,2,1725876000
164,97,2,1725879600
164,74,5,1725883200
164,90,4,1725886800
164,84,5,1725890400
164,50,4,1725894000
164,8,1,1725897600
164,1,4,1725901200
164,3,5,1725904800
164,54,4,1725908400
164,11,5,1725912000
164,42,4,1725915600
164,88,5,1725919200
164,52,1,1725922800
164,62,4,1725926400
164,20,3,1725930000
164,64,2,1725933600
164,7,3,1725937200
165,58,4,1725940800
165,12,4,1725944400
165,25,1,1725948000
165,64,4,1725951600
165,23,4,1725955200
165,35,5,1725958800
165,89,4,1725962400
165,73,3,1725966000
165,16,4,1725969600
165,94,3,1725973200
165,4,3,1725976800
165,93,4,1725980400
165,29,5,1725984000
165,54,5,1725987600
165,61,3,1725991200
165,1,5,1725994800
165,98,3,1725998400
166,62,5,1726002000
166,43,2,1726005600
166,21,4,1726009200
166,87,4,1726012800
166,15,4,1726016400
166,6,5,1726020000
166,39,4,1726023600
166,40,1,1726027200
166,26,5,1726030800
166,52,5,1726034400
166,56,4,1726038000
166,16,4,1726041600
166,20,3,1726045200
166,94,3,1726048800
166,84,3,1726052400
166,91,4,1726056000
166,45,5,1726059600
166,83,4,1726063200
166,58,3,1726066800
166,5,3,1726070400
166,85,4,1726074000
166,95,4,1726077600
166,86,4,1726081200
166,74,4,1726084800
166,54,4,1726088400
166,28,3,1726092000
166,11,2,1726095600
166,14,1,1726099200
166,29,3,1726102800
167,91,4,1726106400
167,10,5,1726110000
167,23,2,1726113600
167,83,2,1726117200
167,6,3,1726120800
167,94,4,1726124400
167,19,2,1726128000
167,53,4,1726131600
167,64,4,1726135200
167,41,1,1726138800
167,54,2,1726142400
167,5,4,1726146000
167,98,2,1726149600
167,61,2,1726153200
167,46,3,1726156800
167,13,4,1726160400
167,82,5,1726164000
167,71,2,1726167600
167,42,5,1726171200
167,20,5,1726174800
167,44,5,1726178400
168,97,5,1726182000
168,62,3,1726185600
168,28,4,1726189200
168,9,4,1726192800
168,90,4,1726196400
168,58,3,1726200000
168,22,5,1726203600
168,68,4,1726207200
168,29,5,1726210800
168,80,4,1726214400
168,45,5,1726218000
168,75,4,1726221600
168,76,4,1726225200
168,30,4,1726228800
168,17,4,1726232400
168,44,3,1726236000
168,6,5,1726239600
168,53,5,1726243200
168,63,4,1726246800
168,3,4,1726250400
168,65,2,1726254000
168,87,5,1726257600
168,78,4,1726261200
168,98,4,1726264800
168,33,5,1726268400
168,77,4,1726272000
168,21,5,1726275600
168,60,4,1726279200
168,82,5,1726282800
168,52,4,1726286400
168,83,4,1726290000
168,92,5,1726293600
168,40,4,1726297200
168,23,4,1726300800
168,36,3,1726304400
168,11,1,1726308000
168,7,5,1726311600
168,2,4,1726315200
168,37,5,1726318800
168,57,4,1726322400
168,81,4,1726326000
168,100,5,1726329600
168,41,4,1726333200
168,71,5,1726336800
168,5,4,1726340400
168,19,3,1726344000
168,79,4,1726347600
168,91,1,1726351200
168,67,4,1726354800
168,59,3,1726358400
168,93,5,1726362000
168,47,2,1726365600
169,37,4,1726369200
169,84,5,1726372800
169,41,3,1726376400
169,15,2,1726380000
169,74,4,1726383600
169,46,5,1726387200
169,2,4,1726390800
169,81,3,1726394400
169,10,4,1726398000
169,8,4,1726401600
169,65,4,1726405200
169,29,5,1726408800
169,59,5,1726412400
169,51,5,1726416000
169,97,3,1726419600
169,67,4,1726423200
169,91,4,1726426800
169,96,4,1726430400
169,98,2,1726434000
169,3,5,1726437600
169,50,4,1726441200
169,73,5,1726444800
169,68,5,1726448400
169,99,1,1726452000
169,79,5,1726455600
169,88,5,1726459200
169,33,4,1726462800
169,42,4,1726466400
169,49,4,1726470000
170,68,5,1726473600
170,34,5,1726477200
170,100,1,1726480800
170,84,3,1726484400
170,26,2,1726488000
170,44,1,1726491600
170,95,4,1726495200
170,10,4,1726498800
170,63,3,1726502400
170,79,2,1726506000
170,91,4,1726509600
170,85,3,1726513200
170,87,5,1726516800
170,76,1,1726520400
170,18,5,1726524000
170,71,5,1726527600
170,70,5,1726531200
170,46,5,1726534800
170,57,5,1726538400
170,74,3,1726542000
170,77,5,1726545600
170,7,5,1726549200
170,13,5,1726552800
170,59,4,1726556400
170,97,4,1726560000
170,80,5,1726563600
170,11,4,1726567200
170,14,5,1726570800
170,20,2,1726574400
170,40,4,1726578000
170,42,4,1726581600
170,21,3,1726585200
170,66,3,1726588800
170,56,2,1726592400
170,28,4,1726596000
170,86,4,1726599600
170,1,2,1726603200
170,65,5,1726606800
170,47,5,1726610400
170,61,5,1726614000
170,6,3,1726617600
170,72,4,1726621200
170,23,4,1726624800
171,21,4,1726628400
171,84,2,1726632000
171,79,5,1726635600
171,8,5,1726639200
171,77,5,1726642800
171,46,4,1726646400
171,67,4,1726650000
171,38,4,1726653600
171,7,3,1726657200
171,48,5,1726660800
171,31,5,1726664400
171,81,3,1726668000
171,96,2,1726671600
171,42,5,1726675200
171,88,3,1726678800
171,57,4,1726682400
171,30,5,1726686000
171,80,4,1726689600
171,45,5,1726693200
171,75,4,1726696800
171,20,5,1726700400
171,54,5,1726704000
171,41,5,1726707600
171,10,1,1726711200
171,68,3,1726714800
171,90,2,1726718400
171,17,4,1726722000
171,33,5,1726725600
171,22,4,1726729200
171,69,5,1726732800
171,87,4,1726736400
172,82,5,1726740000
172,43,5,1726743600
172,62,5,1726747200
172,86,5,1726750800
172,49,5,1726754400
172,66,5,1726758000
172,85,3,1726761600
172,5,5,1726765200
172,26,2,1726768800
172,99,4,1726772400
172,60,2,1726776000
172,48,5,1726779600
172,77,4,1726783200
172,7,5,1726786800
172,39,4,1726790400
172,54,2,1726794000
172,100,4,1726797600
172,80,5,1726801200
172,50,5,1726804800
172,27,2,1726808400
172,53,3,1726812000
172,87,5,1726815600
172,76,1,1726819200
172,52,3,1726822800
172,95,3,1726826400
172,91,5,1726830000
172,46,3,1726833600
172,38,4,1726837200
172,16,5,1726840800
172,69,5,1726844400
172,30,4,1726848000
172,96,4,1726851600
172,57,3,1726855200
172,98,1,1726858800
172,42,3,1726862400
172,44,4,1726866000
172,24,4,1726869600
172,73,5,1726873200
172,68,5,1726876800
172,28,2,1726880400
172,74,4,1726884000
172,65,1,1726887600
172,31,4,1726891200
173,78,4,1726894800
173,45,4,1726898400
173,54,4,1726902000
173,83,4,1726905600
173,89,3,1726909200
173,98,4,1726912800
173,51,5,1726916400
173,67,4,1726920000
173,32,5,1726923600
173,58,2,1726927200
173,20,4,1726930800
173,69,4,1726934400
173,6,1,1726938000
173,73,3,1726941600
173,70,5,1726945200
174,35,5,1726948800
174,76,5,1726952400
174,58,4,1726956000
174,70,3,1726959600
174,1,5,1726963200
174,18,4,1726966800
174,57,4,1726970400
174,54,4,1726974000
174,83,5,1726977600
174,14,4,1726981200
174,16,5,1726984800
174,30,4,1726988400
174,29,5,1726992000
174,99,4,1726995600
174,46,4,1726999200
174,49,4,1727002800
175,98,5,1727006400
175,48,4,1727010000
175,26,3,1727013600
175,84,4,1727017200
175,32,3,1727020800
175,91,4,1727024400
175,57,5,1727028000
175,45,5,1727031600
175,38,4,1727035200
175,96,5,1727038800
175,10,4,1727042400
175,78,3,1727046000
175,61,5,1727049600
175,58,4,1727053200
175,89,4,1727056800
175,99,5,1727060400
175,50,2,1727064000
175,46,5,1727067600
175,54,5,1727071200
176,51,4,1727074800
176,9,4,1727078400
176,13,4,1727082000
176,80,4,1727085600
176,53,4,1727089200
176,76,4,1727092800
176,26,4,1727096400
176,35,4,1727100000
176,2,4,1727103600
176,38,3,1727107200
176,1,5,1727110800
176,50,5,1727114400
176,92,3,1727118000
176,83,3,1727121600
176,62,3,1727125200
176,54,5,1727128800
176,33,5,1727132400
176,45,2,1727136000
176,79,5,1727139600
176,84,1,1727143200
176,15,3,1727146800
176,37,5,1727150400
176,98,5,1727154000
176,91,5,1727157600
176,21,4,1727161200
176,7,4,1727164800
176,73,5,1727168400
176,46,5,1727172000
176,31,3,1727175600
176,95,4,1727179200
176,49,5,1727182800
176,71,5,1727186400
176,57,5,1727190000
176,24,5,1727193600
176,68,1,1727197200
176,87,4,1727200800
176,100,5,1727204400
176,69,1,1727208000
176,88,5,1727211600
176,86,5,1727215200
176,43,3,1727218800
176,41,5,1727222400
176,59,5,1727226000
176,20,4,1727229600
176,10,5,1727233200
176,30,3,1727236800
176,48,5,1727240400
176,40,4,1727244000
176,67,5,1727247600
176,61,4,1727251200
176,17,2,1727254800
176,77,4,1727258400
177,95,2,1727262000
177,68,2,1727265600
177,61,1,1727269200
177,63,4,1727272800
177,6,5,1727276400
177,96,4,1727280000
177,3,4,1727283600
177,4,5,1727287200
177,20,4,1727290800
177,5,4,1727294400
177,67,4,1727298000
177,18,5,1727301600
177,35,3,1727305200
177,65,1,1727308800
177,88,4,1727312400
177,10,5,1727316000
177,28,4,1727319600
177,45,5,1727323200
177,72,5,1727326800
177,42,4,1727330400
177,49,5,1727334000
177,56,5,1727337600
177,69,3,1727341200
177,75,4,1727344800
177,82,3,1727348400
177,98,4,1727352000
177,17,5,1727355600
177,1,4,1727359200
177,22,4,1727362800
177,59,5,1727366400
177,40,4,1727370000
177,41,4,1727373600
177,39,5,1727377200
177,83,4,1727380800
177,87,5,1727384400
177,53,2,1727388000
177,99,3,1727391600
177,58,4,1727395200
177,38,4,1727398800
177,21,5,1727402400
177,79,5,1727406000
177,91,5,1727409600
178,53,2,1727413200
178,73,4,1727416800
178,56,1,1727420400
178,34,3,1727424000
178,69,4,1727427600
178,46,4,1727431200
178,2,4,1727434800
178,72,3,1727438400
178,47,4,1727442000
178,4,4,1727445600
178,75,4,1727449200
178,48,5,1727452800
178,1,4,1727456400
178,85,4,1727460000
178,100,5,1727463600
178,7,5,1727467200
178,91,5,1727470800
178,57,5,1727474400
178,8,4,1727478000
178,62,3,1727481600
178,16,5,1727485200
178,25,5,1727488800
178,67,4,1727492400
178,39,5,1727496000
178,33,4,1727499600
178,70,4,1727503200
178,18,5,1727506800
178,36,5,1727510400
178,14,5,1727514000
178,61,5,1727517600
178,89,4,1727521200
179,38,4,1727524800
179,53,3,1727528400
179,27,4,1727532000
179,89,5,1727535600
179,90,1,1727539200
179,48,4,1727542800
179,44,5,1727546400
179,34,2,1727550000
179,21,5,1727553600
179,57,3,1727557200
179,47,3,1727560800
179,17,4,1727564400
179,4,3,1727568000
179,19,5,1727571600
179,64,4,1727575200
179,66,2,1727578800
179,16,5,1727582400
179,55,5,1727586000
179,12,4,1727589600
179,11,4,1727593200
179,100,2,1727596800
179,81,5,1727600400
179,33,5,1727604000
179,2,2,1727607600
179,3,4,1727611200
179,56,4,1727614800
179,75,4,1727618400
179,49,5,1727622000
179,20,2,1727625600
179,26,3,1727629200
179,93,1,1727632800
179,58,4,1727636400
179,63,3,1727640000
179,70,5,1727643600
179,40,5,1727647200
179,65,2,1727650800
179,36,5,1727654400
179,18,5,1727658000
179,61,3,1727661600
179,74,1,1727665200
179,1,2,1727668800
179,73,3,1727672400
179,87,5,1727676000
179,13,4,1727679600
179,9,5,1727683200
179,10,5,1727686800
179,52,3,1727690400
179,76,5,1727694000
179,46,2,1727697600
180,3,5,1727701200
180,78,4,1727704800
180,13,2,1727708400
180,5,5,1727712000
180,77,5,1727715600
180,81,5,1727719200
180,8,1,1727722800
180,11,4,1727726400
180,72,4,1727730000
180,18,5,1727733600
180,94,5,1727737200
180,100,4,1727740800
180,43,3,1727744400
180,79,5,1727748000
180,25,5,1727751600
180,95,3,1727755200
180,48,4,1727758800
180,7,5,1727762400
180,24,5,1727766000
180,46,4,1727769600
180,35,1,1727773200
180,67,1,1727776800
180,68,3,1727780400
180,36,4,1727784000
180,39,4,1727787600
180,26,4,1727791200
180,23,5,1727794800
180,58,1,1727798400
180,75,2,1727802000
180,93,4,1727805600
180,22,3,1727809200
180,71,2,1727812800
180,87,4,1727816400
180,80,5,1727820000
180,55,5,1727823600
180,64,5,1727827200
180,70,5,1727830800
180,53,5,1727834400
180,99,3,1727838000
180,98,5,1727841600
180,62,3,1727845200
180,97,3,1727848800
180,96,3,1727852400
180,27,5,1727856000
180,54,5,1727859600
180,38,5,1727863200
180,19,4,1727866800
180,17,4,1727870400
180,15,5,1727874000
180,29,5,1727877600
180,74,5,1727881200
180,14,4,1727884800
180,90,4,1727888400
180,9,5,1727892000
180,32,2,1727895600
180,20,5,1727899200
181,26,4,1727902800
181,20,5,1727906400
181,58,2,1727910000
181,53,3,1727913600
181,72,5,1727917200
181,44,5,1727920800
181,57,5,1727924400
181,21,5,1727928000
181,47,4,1727931600
181,100,5,1727935200
181,31,2,1727938800
181,12,5,1727942400
181,84,4,1727946000
181,78,4,1727949600
181,50,5,1727953200
181,25,1,1727956800
181,35,5,1727960400
181,22,4,1727964000
181,59,4,1727967600
181,82,2,1727971200
181,3,5,1727974800
181,6,5,1727978400
181,97,1,1727982000
181,75,2,1727985600
181,16,5,1727989200
181,2,2,1727992800
181,71,4,1727996400
181,43,4,1728000000
181,60,5,1728003600
181,27,4,1728007200
181,92,4,1728010800
181,96,5,1728014400
181,13,3,1728018000
181,94,3,1728021600
181,8,2,1728025200
181,19,5,1728028800
181,77,5,1728032400
181,74,1,1728036000
181,89,5,1728039600
181,81,4,1728043200
181,10,5,1728046800
181,30,3,1728050400
181,39,5,1728054000
181,86,4,1728057600
181,15,1,1728061200
182,78,4,1728064800
182,40,4,1728068400
182,58,5,1728072000
182,80,4,1728075600
182,14,5,1728079200
182,49,5,1728082800
182,34,3,1728086400
182,16,5,1728090000
182,23,5,1728093600
182,84,5,1728097200
182,69,5,1728100800
182,81,3,1728104400
182,82,4,1728108000
182,25,4,1728111600
182,51,5,1728115200
182,30,5,1728118800
182,86,1,1728122400
182,44,2,1728126000
182,74,2,1728129600
182,33,5,1728133200
182,1,2,1728136800
182,3,4,1728140400
182,6,4,1728144000
182,53,4,1728147600
182,76,3,1728151200
182,62,5,1728154800
182,47,4,1728158400
182,39,5,1728162000
182,65,4,1728165600
182,13,2,1728169200
182,95,3,1728172800
182,10,5,1728176400
182,57,5,1728180000
182,66,1,1728183600
182,38,5,1728187200
182,83,4,1728190800
182,31,4,1728194400
182,7,3,1728198000
182,22,5,1728201600
182,21,2,1728205200
182,88,3,1728208800
182,72,4,1728212400
182,36,3,1728216000
182,4,4,1728219600
182,56,1,1728223200
182,52,4,1728226800
182,92,5,1728230400
182,54,4,1728234000
182,32,4,1728237600
182,91,4,1728241200
182,46,4,1728244800
182,15,5,1728248400
182,75,3,1728252000
182,64,5,1728255600
183,36,5,1728259200
183,82,4,1728262800
183,43,4,1728266400
183,42,3,1728270000
183,79,4,1728273600
183,98,4,1728277200
183,88,5,1728280800
183,5,1,1728284400
183,35,4,1728288000
183,67,4,1728291600
183,20,3,1728295200
183,53,3,1728298800
183,15,3,1728302400
183,56,5,1728306000
183,12,4,1728309600
183,61,5,1728313200
183,6,3,1728316800
183,91,5,1728320400
183,69,5,1728324000
183,64,4,1728327600
183,75,2,1728331200
183,77,3,1728334800
183,10,5,1728338400
183,47,4,1728342000
183,74,4,1728345600
183,70,3,1728349200
183,25,5,1728352800
183,21,3,1728356400
183,38,4,1728360000
183,37,4,1728363600
183,33,4,1728367200
183,30,4,1728370800
183,49,4,1728374400
183,54,5,1728378000
183,86,5,1728381600
183,83,5,1728385200
183,22,2,1728388800
183,52,5,1728392400
183,62,2,1728396000
183,17,2,1728399600
183,7,5,1728403200
183,80,5,1728406800
183,40,4,1728410400
183,66,5,1728414000
183,65,5,1728417600
183,46,4,1728421200
183,92,4,1728424800
183,60,5,1728428400
183,4,3,1728432000
183,78,3,1728435600
183,57,5,1728439200
183,11,4,1728442800
183,29,2,1728446400
183,16,4,1728450000
183,84,4,1728453600
183,50,5,1728457200
183,2,5,1728460800
184,43,1,1728464400
184,11,5,1728468000
184,50,5,1728471600
184,73,4,1728475200
184,70,5,1728478800
184,93,2,1728482400
184,12,4,1728486000
184,56,3,1728489600
184,58,5,1728493200
184,99,5,1728496800
184,17,5,1728500400
184,81,5,1728504000
184,59,4,1728507600
184,89,5,1728511200
184,57,4,1728514800
184,54,5,1728518400
184,2,5,1728522000
184,75,1,1728525600
184,35,4,1728529200
184,49,1,1728532800
184,55,5,1728536400
184,27,2,1728540000
184,79,4,1728543600
184,66,5,1728547200
184,63,3,1728550800
184,47,4,1728554400
184,15,4,1728558000
184,1,3,1728561600
184,9,5,1728565200
184,22,3,1728568800
184,52,3,1728572400
184,45,4,1728576000
184,97,4,1728579600
184,19,5,1728583200
184,74,5,1728586800
184,25,4,1728590400
184,88,4,1728594000
185,90,4,1728597600
185,46,4,1728601200
185,81,2,1728604800
185,6,5,1728608400
185,37,4,1728612000
185,64,5,1728615600
185,47,3,1728619200
185,7,4,1728622800
185,44,2,1728626400
185,11,2,1728630000
185,86,5,1728633600
185,41,2,1728637200
185,33,2,1728640800
185,23,5,1728644400
185,8,4,1728648000
185,31,2,1728651600
185,36,5,1728655200
185,72,2,1728658800
185,80,5,1728662400
185,58,1,1728666000
185,92,4,1728669600
185,3,4,1728673200
185,96,3,1728676800
185,18,4,1728680400
185,84,4,1728684000
185,38,5,1728687600
185,52,5,1728691200
185,51,4,1728694800
185,35,4,1728698400
185,97,4,1728702000
185,54,5,1728705600
185,71,4,1728709200
185,45,4,1728712800
185,22,4,1728716400
185,59,5,1728720000
185,70,4,1728723600
185,88,3,1728727200
185,94,4,1728730800
185,93,5,1728734400
185,24,5,1728738000
185,10,5,1728741600
185,26,5,1728745200
185,63,4,1728748800
185,27,4,1728752400
185,5,5,1728756000
186,76,3,1728759600
186,53,5,1728763200
186,31,5,1728766800
186,64,4,1728770400
186,35,5,1728774000
186,1,5,1728777600
186,74,5,1728781200
186,8,5,1728784800
186,55,2,1728788400
186,93,3,1728792000
186,88,2,1728795600
186,91,1,1728799200
186,20,3,1728802800
186,46,5,1728806400
186,92,3,1728810000
186,87,5,1728813600
186,45,4,1728817200
186,80,3,1728820800
186,54,4,1728824400
186,83,3,1728828000
186,21,5,1728831600
186,13,5,1728835200
186,90,1,1728838800
186,85,5,1728842400
186,25,5,1728846000
186,41,2,1728849600
186,71,5,1728853200
186,82,4,1728856800
186,28,3,1728860400
186,69,5,1728864000
186,66,2,1728867600
186,75,4,1728871200
186,62,1,1728874800
186,26,5,1728878400
186,11,5,1728882000
186,10,3,1728885600
186,97,4,1728889200
186,58,3,1728892800
186,72,5,1728896400
187,10,3,1728900000
187,69,5,1728903600
187,65,4,1728907200
187,2,4,1728910800
187,55,5,1728914400
187,14,4,1728918000
187,74,1,1728921600
187,17,4,1728925200
187,27,5,1728928800
187,56,5,1728932400
187,6,4,1728936000
187,82,1,1728939600
187,38,4,1728943200
187,91,5,1728946800
187,32,3,1728950400
187,22,4,1728954000
187,19,5,1728957600
187,54,4,1728961200
187,58,4,1728964800
187,7,4,1728968400
187,31,3,1728972000
187,37,3,1728975600
187,53,5,1728979200
187,43,3,1728982800
188,14,4,1728986400
188,58,4,1728990000
188,24,5,1728993600
188,47,5,1728997200
188,32,5,1729000800
188,38,5,1729004400
188,8,4,1729008000
188,36,4,1729011600
188,80,4,1729015200
188,79,4,1729018800
188,60,5,1729022400
188,18,4,1729026000
188,75,3,1729029600
188,9,5,1729033200
188,49,5,1729036800
188,56,4,1729040400
188,44,5,1729044000
188,90,2,1729047600
188,16,4,1729051200
188,52,1,1729054800
188,11,1,1729058400
188,45,4,1729062000
188,43,4,1729065600
188,5,5,1729069200
188,54,5,1729072800
188,92,2,1729076400
188,66,5,1729080000
188,41,4,1729083600
188,84,2,1729087200
188,97,5,1729090800
188,15,4,1729094400
188,17,4,1729098000
188,62,5,1729101600
188,70,4,1729105200
188,39,5,1729108800
189,51,5,1729112400
189,8,3,1729116000
189,67,4,1729119600
189,6,2,1729123200
189,14,5,1729126800
189,38,5,1729130400
189,50,2,1729134000
189,83,5,1729137600
189,69,5,1729141200
189,45,4,1729144800
189,19,5,1729148400
189,22,1,1729152000
189,2,5,1729155600
189,10,4,1729159200
189,72,4,1729162800
189,34,5,1729166400
189,56,4,1729170000
189,30,5,1729173600
189,65,4,1729177200
189,40,5,1729180800
189,13,4,1729184400
189,25,3,1729188000
189,98,5,1729191600
189,63,5,1729195200
189,7,5,1729198800
189,66,5,1729202400
189,9,2,1729206000
189,33,4,1729209600
190,94,5,1729213200
190,87,5,1729216800
190,8,5,1729220400
190,80,4,1729224000
190,47,3,1729227600
190,51,4,1729231200
190,34,4,1729234800
190,70,5,1729238400
190,97,4,1729242000
190,52,5,1729245600
190,4,4,1729249200
190,33,5,1729252800
190,24,2,1729256400
190,9,3,1729260000
190,29,3,1729263600
190,76,5,1729267200
190,56,2,1729270800
190,61,5,1729274400
190,40,3,1729278000
190,69,4,1729281600
190,6,5,1729285200
190,7,4,1729288800
190,90,3,1729292400
190,17,3,1729296000
190,41,5,1729299600
190,23,4,1729303200
190,1,4,1729306800
190,10,4,1729310400
190,30,4,1729314000
190,16,3,1729317600
190,18,5,1729321200
190,50,5,1729324800
190,46,3,1729328400
190,25,5,1729332000
190,85,5,1729335600
190,72,5,1729339200
190,93,3,1729342800
191,18,4,1729346400
191,41,5,1729350000
191,22,2,1729353600
191,87,4,1729357200
191,19,3,1729360800
191,53,4,1729364400
191,31,4,1729368000
191,52,5,1729371600
191,66,4,1729375200
191,60,4,1729378800
191,11,3,1729382400
191,91,3,1729386000
191,90,1,1729389600
191,45,3,1729393200
191,50,2,1729396800
191,86,5,1729400400
191,92,4,1729404000
191,59,3,1729407600
191,38,2,1729411200
191,28,4,1729414800
191,99,4,1729418400
191,25,3,1729422000
191,15,4,1729425600
192,14,5,1729429200
192,31,4,1729432800
192,89,5,1729436400
192,54,4,1729440000
192,77,4,1729443600
192,71,5,1729447200
192,1,5,1729450800
192,4,4,1729454400
192,34,4,1729458000
192,100,4,1729461600
192,45,4,1729465200
192,46,4,1729468800
192,58,4,1729472400
192,94,5,1729476000
192,97,4,1729479600
192,56,2,1729483200
192,96,4,1729486800
192,18,1,1729490400
192,27,3,1729494000
192,64,4,1729497600
192,53,4,1729501200
192,90,5,1729504800
192,43,5,1729508400
192,81,2,1729512000
192,62,4,1729515600
192,20,5,1729519200
192,51,3,1729522800
192,49,5,1729526400
192,48,5,1729530000
192,11,5,1729533600
192,2,4,1729537200
192,39,5,1729540800
192,40,5,1729544400
192,33,5,1729548000
192,6,4,1729551600
192,86,5,1729555200
192,29,4,1729558800
192,5,3,1729562400
192,36,4,1729566000
192,59,5,1729569600
192,84,5,1729573200
192,60,5,1729576800
192,80,4,1729580400
192,7,4,1729584000
192,28,5,1729587600
192,19,4,1729591200
193,4,4,1729594800
193,54,4,1729598400
193,96,5,1729602000
193,100,5,1729605600
193,23,5,1729609200
193,93,5,1729612800
193,7,4,1729616400
193,28,4,1729620000
193,27,2,1729623600
193,49,5,1729627200
193,47,4,1729630800
193,55,1,1729634400
193,10,5,1729638000
193,34,4,1729641600
193,99,5,1729645200
193,31,5,1729648800
193,16,5,1729652400
193,46,2,1729656000
193,76,3,1729659600
193,2,5,1729663200
193,69,5,1729666800
193,14,4,1729670400
193,63,4,1729674000
193,41,3,1729677600
193,50,5,1729681200
193,17,3,1729684800
193,82,3,1729688400
193,88,5,1729692000
193,95,3,1729695600
193,74,5,1729699200
193,62,1,1729702800
193,58,1,1729706400
193,35,4,1729710000
193,68,4,1729713600
193,64,3,1729717200
193,15,4,1729720800
193,25,4,1729724400
193,40,5,1729728000
193,80,1,1729731600
193,51,5,1729735200
193,29,4,1729738800
193,37,3,1729742400
193,6,1,1729746000
193,92,4,1729749600
193,1,3,1729753200
193,3,4,1729756800
193,98,3,1729760400
193,60,5,1729764000
193,94,4,1729767600
193,79,2,1729771200
193,87,4,1729774800
193,71,5,1729778400
193,13,2,1729782000
193,90,5,1729785600
193,45,4,1729789200
193,75,5,1729792800
193,20,2,1729796400
193,43,5,1729800000
193,72,4,1729803600
193,33,4,1729807200
194,98,4,1729810800
194,60,5,1729814400
194,54,5,1729818000
194,92,5,1729821600
194,86,3,1729825200
194,1,5,1729828800
194,53,5,1729832400
194,2,3,1729836000
194,25,5,1729839600
194,8,4,1729843200
194,67,2,1729846800
194,29,5,1729850400
194,89,3,1729854000
194,93,3,1729857600
194,36,5,1729861200
194,83,5,1729864800
194,24,3,1729868400
194,66,5,1729872000
194,48,3,1729875600
194,49,5,1729879200
194,19,5,1729882800
194,76,4,1729886400
194,39,2,1729890000
194,79,4,1729893600
194,99,3,1729897200
194,56,4,1729900800
194,59,4,1729904400
195,56,2,1729908000
195,14,5,1729911600
195,10,5,1729915200
195,9,4,1729918800
195,17,3,1729922400
195,88,4,1729926000
195,86,5,1729929600
195,1,5,1729933200
195,90,2,1729936800
195,65,5,1729940400
195,70,3,1729944000
195,58,3,1729947600
195,68,4,1729951200
195,54,4,1729954800
195,18,5,1729958400
195,7,2,1729962000
195,15,4,1729965600
195,96,4,1729969200
195,48,4,1729972800
195,74,1,1729976400
195,82,2,1729980000
195,57,3,1729983600
196,75,3,1729987200
196,24,4,1729990800
196,15,5,1729994400
196,41,5,1729998000
196,29,5,1730001600
196,56,5,1730005200
196,43,5,1730008800
196,55,5,1730012400
196,28,2,1730016000
196,53,5,1730019600
196,9,4,1730023200
196,4,5,1730026800
196,52,2,1730030400
196,73,5,1730034000
196,26,5,1730037600
196,82,5,1730041200
196,54,5,1730044800
196,12,4,1730048400
196,78,4,1730052000
196,91,4,1730055600
196,70,3,1730059200
196,86,3,1730062800
196,38,3,1730066400
196,22,4,1730070000
196,66,5,1730073600
196,14,5,1730077200
197,3,3,1730080800
197,89,5,1730084400
197,30,5,1730088000
197,7,3,1730091600
197,47,3,1730095200
197,1,5,1730098800
197,12,4,1730102400
197,90,4,1730106000
197,61,2,1730109600
197,8,2,1730113200
197,49,5,1730116800
197,56,4,1730120400
197,16,5,1730124000
197,58,4,1730127600
197,33,4,1730131200
197,95,5,1730134800
197,19,3,1730138400
197,53,4,1730142000
197,46,2,1730145600
197,4,4,1730149200
197,31,2,1730152800
197,6,3,1730156400
197,81,5,1730160000
197,84,4,1730163600
197,77,5,1730167200
197,24,4,1730170800
197,52,4,1730174400
197,21,1,1730178000
197,27,4,1730181600
197,66,4,1730185200
197,93,1,1730188800
197,73,5,1730192400
197,62,3,1730196000
197,51,4,1730199600
197,41,4,1730203200
197,83,5,1730206800
197,13,2,1730210400
197,11,4,1730214000
197,23,4,1730217600
197,48,2,1730221200
197,57,4,1730224800
197,100,3,1730228400
197,60,2,1730232000
197,65,3,1730235600
197,71,5,1730239200
197,69,2,1730242800
197,50,4,1730246400
197,99,3,1730250000
197,64,3,1730253600
197,39,3,1730257200
197,59,4,1730260800
197,20,3,1730264400
197,35,2,1730268000
198,52,3,1730271600
198,76,5,1730275200
198,80,5,1730278800
198,56,4,1730282400
198,31,3,1730286000
198,35,3,1730289600
198,66,3,1730293200
198,50,2,1730296800
198,32,4,1730300400
198,4,3,1730304000
198,6,4,1730307600
198,84,2,1730311200
198,51,2,1730314800
198,88,4,1730318400
198,90,4,1730322000
198,57,3,1730325600
198,45,5,1730329200
198,98,3,1730332800
198,68,4,1730336400
198,28,4,1730340000
198,91,5,1730343600
198,37,4,1730347200
198,39,4,1730350800
198,75,4,1730354400
198,67,4,1730358000
198,59,5,1730361600
198,89,3,1730365200
198,26,5,1730368800
198,33,3,1730372400
199,76,3,1730376000
199,72,3,1730379600
199,78,5,1730383200
199,52,4,1730386800
199,100,3,1730390400
199,31,5,1730394000
199,50,5,1730397600
199,33,2,1730401200
199,18,3,1730404800
199,2,3,1730408400
199,28,4,1730412000
199,36,5,1730415600
199,46,5,1730419200
199,63,5,1730422800
199,3,1,1730426400
199,89,2,1730430000
199,91,3,1730433600
199,93,3,1730437200
199,19,2,1730440800
199,99,4,1730444400
199,55,2,1730448000
199,74,5,1730451600
199,83,5,1730455200
199,27,4,1730458800
199,22,2,1730462400
199,96,5,1730466000
199,66,5,1730469600
199,61,3,1730473200
199,20,5,1730476800
199,64,5,1730480400
199,48,4,1730484000
199,77,4,1730487600
199,54,4,1730491200
199,97,4,1730494800
199,13,4,1730498400
199,17,5,1730502000
199,79,5,1730505600
199,75,3,1730509200
200,82,1,1730512800
200,53,4,1730516400
200,1,2,1730520000
200,32,4,1730523600
200,83,4,1730527200
200,72,5,1730530800
200,66,5,1730534400
200,14,3,1730538000
200,79,2,1730541600
200,64,3,1730545200
200,85,5,1730548800
200,99,4,1730552400
200,87,3,1730556000
200,68,5,1730559600
200,21,4,1730563200
200,22,5,1730566800
200,25,3,1730570400
200,8,4,1730574000
200,29,4,1730577600
200,70,5,1730581200
200,71,5,1730584800
200,84,4,1730588400
200,86,3,1730592000
200,67,4,1730595600
200,51,5,1730599200
200,34,4,1730602800
200,47,5,1730606400
200,13,4,1730610000
200,95,4,1730613600
200,97,4,1730617200
200,42,5,1730620800
200,39,5,1730624400
200,75,4,1730628000
200,23,4,1730631600
200,50,4,1730635200
200,93,3,1730638800
200,81,5,1730642400
200,49,4,1730646000
200,65,5,1730649600
200,27,5,1730653200
201,99,5,1730656800
201,96,1,1730660400
201,44,4,1730664000
201,22,5,1730667600
201,32,2,1730671200
201,98,3,1730674800
201,71,5,1730678400
201,86,5,1730682000
201,95,5,1730685600
201,13,2,1730689200
201,4,3,1730692800
201,28,4,1730696400
201,100,4,1730700000
201,38,3,1730703600
201,57,5,1730707200
201,30,5,1730710800
201,6,3,1730714400
201,65,3,1730718000
201,91,2,1730721600
201,56,4,1730725200
201,15,2,1730728800
201,66,4,1730732400
201,1,4,1730736000
201,16,5,1730739600
201,21,3,1730743200
201,27,4,1730746800
201,51,5,1730750400
201,31,4,1730754000
201,59,5,1730757600
201,48,4,1730761200
201,20,5,1730764800
201,9,3,1730768400
201,50,4,1730772000
201,5,4,1730775600
201,45,5,1730779200
201,23,3,1730782800
201,14,2,1730786400
201,24,4,1730790000
201,8,3,1730793600
201,60,4,1730797200
201,93,5,1730800800
201,74,5,1730804400
201,76,3,1730808000
201,52,3,1730811600
201,17,4,1730815200
201,58,4,1730818800
201,73,5,1730822400
201,26,5,1730826000
201,68,4,1730829600
201,3,2,1730833200
201,62,5,1730836800
201,61,2,1730840400
201,19,1,1730844000
201,2,5,1730847600
201,78,4,1730851200
201,81,5,1730854800
201,42,4,1730858400
201,25,1,1730862000
201,87,4,1730865600
202,49,3,1730869200
202,73,4,1730872800
202,46,4,1730876400
202,67,2,1730880000
202,14,5,1730883600
202,8,2,1730887200
202,5,4,1730890800
202,91,4,1730894400
202,41,4,1730898000
202,22,5,1730901600
202,98,5,1730905200
202,63,1,1730908800
202,48,4,1730912400
202,92,5,1730916000
202,86,4,1730919600
202,58,4,1730923200
202,99,5,1730926800
202,15,4,1730930400
202,4,2,1730934000
202,31,5,1730937600
202,52,5,1730941200
202,55,5,1730944800
202,77,4,1730948400
202,87,5,1730952000
202,51,5,1730955600
202,10,5,1730959200
202,30,4,1730962800
202,93,5,1730966400
202,6,5,1730970000
202,42,3,1730973600
202,79,4,1730977200
202,85,5,1730980800
202,40,5,1730984400
202,16,5,1730988000
202,89,3,1730991600
202,23,4,1730995200
202,27,4,1730998800
202,95,5,1731002400
202,12,1,1731006000
202,80,5,1731009600
202,24,4,1731013200
202,29,5,1731016800
202,18,4,1731020400
202,78,5,1731024000
202,47,5,1731027600
202,45,5,1731031200
202,26,2,1731034800
202,62,3,1731038400
202,81,5,1731042000
202,57,4,1731045600
202,2,5,1731049200
202,32,5,1731052800
202,53,5,1731056400
202,17,4,1731060000
202,61,5,1731063600
202,100,1,1731067200
202,71,4,1731070800
203,26,4,1731074400
203,46,5,1731078000
203,29,5,1731081600
203,31,5,1731085200
203,44,5,1731088800
203,89,2,1731092400
203,79,3,1731096000
203,21,5,1731099600
203,27,5,1731103200
203,6,4,1731106800
203,88,4,1731110400
203,85,1,1731114000
203,43,4,1731117600
203,53,4,1731121200
203,45,3,1731124800
203,63,3,1731128400
203,68,4,1731132000
203,80,4,1731135600
203,81,3,1731139200
203,4,4,1731142800
203,37,5,1731146400
203,54,4,1731150000
203,98,5,1731153600
203,94,5,1731157200
204,65,3,1731160800
204,76,3,1731164400
204,66,5,1731168000
204,29,2,1731171600
204,74,4,1731175200
204,56,5,1731178800
204,28,4,1731182400
204,21,5,1731186000
204,11,4,1731189600
204,98,1,1731193200
204,4,4,1731196800
204,27,4,1731200400
204,40,2,1731204000
204,59,4,1731207600
204,70,5,1731211200
204,61,3,1731214800
204,99,4,1731218400
204,91,4,1731222000
204,45,5,1731225600
204,53,5,1731229200
204,7,5,1731232800
204,96,4,1731236400
204,6,2,1731240000
205,18,5,1731243600
205,24,5,1731247200
205,1,4,1731250800
205,46,5,1731254400
205,39,5,1731258000
205,22,5,1731261600
205,90,3,1731265200
205,60,5,1731268800
205,69,4,1731272400
205,65,5,1731276000
205,85,3,1731279600
205,96,5,1731283200
205,50,5,1731286800
205,54,2,1731290400
205,10,5,1731294000
205,88,2,1731297600
205,5,3,1731301200
205,43,4,1731304800
205,92,5,1731308400
205,98,4,1731312000
205,66,4,1731315600
205,4,5,1731319200
205,14,5,1731322800
205,59,5,1731326400
205,58,3,1731330000
205,100,4,1731333600
205,6,2,1731337200
205,20,4,1731340800
205,42,3,1731344400
205,28,3,1731348000
205,71,5,1731351600
205,95,4,1731355200
205,52,4,1731358800
205,34,4,1731362400
205,40,2,1731366000
205,63,4,1731369600
205,89,4,1731373200
205,26,5,1731376800
205,27,4,1731380400
205,38,4,1731384000
205,94,5,1731387600
205,29,5,1731391200
205,80,5,1731394800
205,30,5,1731398400
205,74,5,1731402000
205,56,4,1731405600
205,93,5,1731409200
205,47,4,1731412800
205,23,3,1731416400
205,84,4,1731420000
205,31,3,1731423600
205,82,2,1731427200
205,70,3,1731430800
205,17,2,1731434400
205,55,5,1731438000
205,76,5,1731441600
205,25,4,1731445200
206,33,5,1731448800
206,54,4,1731452400
206,34,4,1731456000
206,46,4,1731459600
206,97,2,1731463200
206,58,4,1731466800
206,41,4,1731470400
206,73,4,1731474000
206,1,5,1731477600
206,18,4,1731481200
206,22,5,1731484800
206,98,3,1731488400
206,89,3,1731492000
206,91,3,1731495600
206,96,5,1731499200
206,24,4,1731502800
206,69,4,1731506400
206,48,5,1731510000
207,46,4,1731513600
207,7,4,1731517200
207,37,2,1731520800
207,91,3,1731524400
207,84,5,1731528000
207,86,4,1731531600
207,45,4,1731535200
207,90,5,1731538800
207,59,5,1731542400
207,57,5,1731546000
207,48,5,1731549600
207,72,3,1731553200
207,96,2,1731556800
207,24,4,1731560400
207,18,5,1731564000
207,20,2,1731567600
207,76,4,1731571200
207,14,5,1731574800
207,81,4,1731578400
207,94,3,1731582000
207,30,4,1731585600
207,97,2,1731589200
207,19,3,1731592800
207,85,1,1731596400
207,95,5,1731600000
207,74,5,1731603600
207,22,4,1731607200
207,26,5,1731610800
207,28,4,1731614400
207,68,3,1731618000
207,77,1,1731621600
207,34,4,1731625200
207,9,5,1731628800
207,87,5,1731632400
207,2,4,1731636000
207,66,4,1731639600
207,49,4,1731643200
207,17,4,1731646800
207,54,4,1731650400
207,10,5,1731654000
207,73,5,1731657600
207,61,4,1731661200
207,67,4,1731664800
207,69,5,1731668400
207,5,5,1731672000
208,32,2,1731675600
208,43,4,1731679200
208,86,1,1731682800
208,87,5,1731686400
208,47,2,1731690000
208,31,2,1731693600
208,42,4,1731697200
208,39,5,1731700800
208,96,4,1731704400
208,98,4,1731708000
208,51,5,1731711600
208,24,4,1731715200
208,60,4,1731718800
208,79,4,1731722400
208,95,3,1731726000
208,93,4,1731729600
208,94,4,1731733200
208,40,3,1731736800
208,17,3,1731740400
208,99,4,1731744000
208,84,4,1731747600
208,34,2,1731751200
208,68,3,1731754800
208,78,5,1731758400
208,49,4,1731762000
208,100,2,1731765600
208,69,5,1731769200
208,28,2,1731772800
208,3,5,1731776400
208,63,5,1731780000
208,41,5,1731783600
208,45,5,1731787200
208,4,2,1731790800
208,30,5,1731794400
208,80,2,1731798000
208,12,4,1731801600
209,17,5,1731805200
209,62,2,1731808800
209,28,5,1731812400
209,61,4,1731816000
209,34,5,1731819600
209,99,1,1731823200
209,70,3,1731826800
209,63,5,1731830400
209,45,4,1731834000
209,20,5,1731837600
209,74,4,1731841200
209,58,4,1731844800
209,83,5,1731848400
209,15,4,1731852000
209,46,5,1731855600
209,88,3,1731859200
209,21,3,1731862800
209,51,3,1731866400
209,69,4,1731870000
209,29,5,1731873600
209,40,4,1731877200
209,43,4,1731880800
209,53,5,1731884400
209,55,3,1731888000
209,60,5,1731891600
209,33,5,1731895200
209,47,1,1731898800
209,32,2,1731902400
209,66,2,1731906000
209,18,5,1731909600
209,57,3,1731913200
210,1,4,1731916800
210,44,5,1731920400
210,2,4,1731924000
210,83,5,1731927600
210,79,4,1731931200
210,61,5,1731934800
210,98,5,1731938400
210,19,4,1731942000
210,52,5,1731945600
210,7,2,1731949200
210,45,5,1731952800
210,33,2,1731956400
210,47,4,1731960000
210,10,4,1731963600
210,26,4,1731967200
210,34,4,1731970800
210,37,5,1731974400
210,58,4,1731978000
210,77,5,1731981600
210,86,4,1731985200
210,18,3,1731988800
210,57,3,1731992400
210,56,5,1731996000
210,36,2,1731999600
210,41,4,1732003200
210,76,2,1732006800
210,20,4,1732010400
210,70,5,1732014000
210,23,4,1732017600
210,38,3,1732021200
210,30,3,1732024800
210,3,4,1732028400
210,92,2,1732032000
210,13,4,1732035600
210,5,4,1732039200
210,88,2,1732042800
210,46,4,1732046400
210,71,4,1732050000
210,97,4,1732053600
210,39,4,1732057200
210,99,4,1732060800
210,63,4,1732064400
210,29,5,1732068000
210,54,3,1732071600
210,90,4,1732075200
210,60,4,1732078800
211,82,1,1732082400
211,73,4,1732086000
211,63,4,1732089600
211,52,3,1732093200
211,96,5,1732096800
211,76,3,1732100400
211,74,5,1732104000
211,53,3,1732107600
211,7,4,1732111200
211,81,5,1732114800
211,84,4,1732118400
211,17,5,1732122000
211,3,5,1732125600
211,67,5,1732129200
211,90,4,1732132800
211,12,2,1732136400
211,71,4,1732140000
211,60,5,1732143600
211,19,4,1732147200
211,11,3,1732150800
211,93,1,1732154400
211,25,4,1732158000
211,24,5,1732161600
211,14,2,1732165200
211,57,4,1732168800
211,97,1,1732172400
211,39,5,1732176000
211,6,5,1732179600
211,15,4,1732183200
211,37,1,1732186800
211,85,3,1732190400
211,48,4,1732194000
211,75,4,1732197600
211,83,4,1732201200
211,86,5,1732204800
211,40,5,1732208400
211,61,2,1732212000
211,88,2,1732215600
212,29,3,1732219200
212,54,5,1732222800
212,63,4,1732226400
212,13,5,1732230000
212,74,5,1732233600
212,47,4,1732237200
212,12,4,1732240800
212,39,5,1732244400
212,37,3,1732248000
212,24,3,1732251600
212,32,4,1732255200
212,41,5,1732258800
212,82,5,1732262400
212,2,3,1732266000
212,94,5,1732269600
212,71,3,1732273200
212,83,5,1732276800
212,19,4,1732280400
212,23,1,1732284000
212,52,1,1732287600
212,65,2,1732291200
212,10,3,1732294800
212,22,5,1732298400
212,5,3,1732302000
212,6,5,1732305600
212,85,4,1732309200
212,95,5,1732312800
212,45,3,1732316400
212,28,5,1732320000
212,60,5,1732323600
212,27,5,1732327200
212,42,5,1732330800
212,4,2,1732334400
212,64,2,1732338000
212,9,5,1732341600
212,20,5,1732345200
212,18,4,1732348800
212,35,4,1732352400
213,88,4,1732356000
213,30,5,1732359600
213,1,4,1732363200
213,50,4,1732366800
213,41,5,1732370400
213,99,5,1732374000
213,4,3,1732377600
213,68,5,1732381200
213,64,4,1732384800
213,39,5,1732388400
213,19,4,1732392000
213,67,2,1732395600
213,26,4,1732399200
213,20,4,1732402800
213,13,4,1732406400
213,74,5,1732410000
213,27,5,1732413600
213,79,4,1732417200
213,31,4,1732420800
213,52,4,1732424400
213,16,4,1732428000
213,76,5,1732431600
213,48,4,1732435200
213,100,3,1732438800
213,34,4,1732442400
213,94,4,1732446000
214,78,5,1732449600
214,18,3,1732453200
214,5,4,1732456800
214,39,3,1732460400
214,20,2,1732464000
214,12,5,1732467600
214,68,2,1732471200
214,1,5,1732474800
214,64,4,1732478400
214,28,5,1732482000
214,62,2,1732485600
214,88,5,1732489200
214,41,5,1732492800
214,81,5,1732496400
214,90,5,1732500000
214,36,5,1732503600
214,50,4,1732507200
214,65,5,1732510800
214,23,5,1732514400
214,58,4,1732518000
214,10,5,1732521600
214,87,4,1732525200
214,21,2,1732528800
214,53,4,1732532400
214,43,3,1732536000
214,51,4,1732539600
214,31,1,1732543200
214,24,4,1732546800
214,8,5,1732550400
214,63,4,1732554000
214,52,1,1732557600
214,47,4,1732561200
214,6,3,1732564800
214,73,4,1732568400
214,37,4,1732572000
214,54,5,1732575600
214,13,1,1732579200
214,66,5,1732582800
214,4,5,1732586400
214,42,5,1732590000
215,91,4,1732593600
215,45,5,1732597200
215,56,2,1732600800
215,93,4,1732604400
215,35,3,1732608000
215,42,4,1732611600
215,27,4,1732615200
215,40,5,1732618800
215,49,4,1732622400
215,17,3,1732626000
215,6,2,1732629600
215,80,4,1732633200
215,26,4,1732636800
215,99,5,1732640400
215,52,4,1732644000
215,62,5,1732647600
215,25,5,1732651200
215,29,1,1732654800
215,47,5,1732658400
215,83,1,1732662000
215,50,4,1732665600
215,68,4,1732669200
215,16,5,1732672800
215,71,4,1732676400
215,74,5,1732680000
215,76,4,1732683600
215,63,4,1732687200
215,85,3,1732690800
215,73,5,1732694400
216,42,5,1732698000
216,88,4,1732701600
216,84,5,1732705200
216,7,2,1732708800
216,76,4,1732712400
216,48,5,1732716000
216,82,4,1732719600
216,72,4,1732723200
216,51,2,1732726800
216,89,5,1732730400
216,67,4,1732734000
216,1,5,1732737600
216,2,3,1732741200
216,20,1,1732744800
216,90,4,1732748400
216,57,3,1732752000
216,27,5,1732755600
216,98,5,1732759200
216,61,4,1732762800
216,8,1,1732766400
216,64,3,1732770000
216,13,4,1732773600
217,18,4,1732777200
217,88,4,1732780800
217,64,5,1732784400
217,65,3,1732788000
217,58,2,1732791600
217,52,4,1732795200
217,39,3,1732798800
217,90,5,1732802400
217,46,4,1732806000
217,3,2,1732809600
217,2,5,1732813200
217,20,4,1732816800
217,60,4,1732820400
217,8,5,1732824000
217,61,2,1732827600
217,76,5,1732831200
217,85,4,1732834800
217,29,5,1732838400
217,82,5,1732842000
217,55,4,1732845600
217,62,1,1732849200
217,24,1,1732852800
217,74,4,1732856400
217,84,5,1732860000
217,19,3,1732863600
217,71,4,1732867200
217,63,5,1732870800
217,80,2,1732874400
217,56,5,1732878000
217,9,3,1732881600
217,97,2,1732885200
217,16,2,1732888800
217,69,5,1732892400
217,5,4,1732896000
217,87,3,1732899600
217,14,4,1732903200
217,6,5,1732906800
217,17,4,1732910400
217,51,5,1732914000
217,94,3,1732917600
217,54,2,1732921200
217,95,4,1732924800
217,40,3,1732928400
217,59,5,1732932000
217,12,1,1732935600
217,1,5,1732939200
217,13,3,1732942800
217,50,5,1732946400
217,41,2,1732950000
217,42,5,1732953600
217,28,2,1732957200
217,70,5,1732960800
217,35,4,1732964400
218,49,1,1732968000
218,85,5,1732971600
218,69,4,1732975200
218,43,5,1732978800
218,10,5,1732982400
218,75,3,1732986000
218,80,4,1732989600
218,48,4,1732993200
218,1,5,1732996800
218,66,5,1733000400
218,36,1,1733004000
218,17,4,1733007600
218,58,5,1733011200
218,82,4,1733014800
218,56,5,1733018400
218,91,1,1733022000
218,57,4,1733025600
218,6,5,1733029200
218,60,3,1733032800
218,39,5,1733036400
218,21,2,1733040000
218,37,4,1733043600
218,41,5,1733047200
218,99,3,1733050800
218,79,2,1733054400
218,76,5,1733058000
218,83,5,1733061600
218,4,5,1733065200
218,87,5,1733068800
218,40,3,1733072400
218,34,3,1733076000
218,31,1,1733079600
218,65,5,1733083200
218,33,5,1733086800
218,2,4,1733090400
218,26,5,1733094000
218,5,4,1733097600
218,19,2,1733101200
218,63,3,1733104800
218,7,2,1733108400
218,18,4,1733112000
218,15,4,1733115600
218,29,5,1733119200
218,53,3,1733122800
218,12,5,1733126400
218,94,4,1733130000
218,44,5,1733133600
218,64,5,1733137200
218,16,5,1733140800
218,73,4,1733144400
218,70,2,1733148000
218,9,4,1733151600
218,98,2,1733155200
218,59,4,1733158800
219,33,3,1733162400
219,61,3,1733166000
219,77,4,1733169600
219,25,5,1733173200
219,100,1,1733176800
219,64,4,1733180400
219,37,3,1733184000
219,56,2,1733187600
219,3,4,1733191200
219,70,4,1733194800
219,53,4,1733198400
219,57,4,1733202000
219,87,4,1733205600
219,21,4,1733209200
219,60,5,1733212800
219,2,4,1733216400
219,75,5,1733220000
219,85,3,1733223600
219,31,4,1733227200
219,79,4,1733230800
219,68,4,1733234400
219,34,4,1733238000
219,44,3,1733241600
219,92,1,1733245200
219,71,3,1733248800
219,22,5,1733252400
219,47,5,1733256000
219,54,3,1733259600
219,49,4,1733263200
219,97,1,1733266800
219,28,3,1733270400
219,11,5,1733274000
219,14,4,1733277600
219,42,3,1733281200
219,30,3,1733284800
219,59,5,1733288400
219,8,3,1733292000
219,72,4,1733295600
219,74,5,1733299200
219,51,4,1733302800
219,98,4,1733306400
219,18,5,1733310000
219,94,3,1733313600
219,83,5,1733317200
219,82,3,1733320800
219,45,4,1733324400
219,43,5,1733328000
220,66,4,1733331600
220,26,2,1733335200
220,34,5,1733338800
220,41,5,1733342400
220,81,5,1733346000
220,46,5,1733349600
220,77,3,1733353200
220,4,1,1733356800
220,10,5,1733360400
220,2,4,1733364000
220,68,3,1733367600
220,17,4,1733371200
220,50,4,1733374800
220,28,5,1733378400
220,70,4,1733382000
220,20,5,1733385600
220,52,5,1733389200
220,25,3,1733392800
220,5,4,1733396400
220,8,4,1733400000
220,82,5,1733403600
220,16,4,1733407200
220,32,4,1733410800
220,39,5,1733414400
220,15,4,1733418000
220,74,5,1733421600
220,99,5,1733425200
220,42,4,1733428800
220,100,4,1733432400
220,90,2,1733436000
220,62,5,1733439600
220,61,5,1733443200
220,65,4,1733446800
220,14,3,1733450400
220,12,5,1733454000
220,31,4,1733457600
220,22,5,1733461200
220,33,1,1733464800
220,83,4,1733468400
220,64,5,1733472000
220,69,4,1733475600
220,24,4,1733479200
220,89,3,1733482800
220,3,4,1733486400
220,79,5,1733490000
220,67,4,1733493600
220,91,5,1733497200
220,43,5,1733500800
220,72,5,1733504400
220,53,5,1733508000
220,84,1,1733511600
221,53,3,1733515200
221,63,2,1733518800
221,60,3,1733522400
221,62,3,1733526000
221,38,5,1733529600
221,73,2,1733533200
221,57,5,1733536800
221,80,4,1733540400
221,82,5,1733544000
221,35,2,1733547600
221,94,5,1733551200
221,23,5,1733554800
221,66,2,1733558400
221,49,3,1733562000
221,12,4,1733565600
221,5,5,1733569200
221,8,4,1733572800
221,72,4,1733576400
221,89,3,1733580000
221,3,4,1733583600
222,77,2,1733587200
222,82,4,1733590800
222,3,5,1733594400
222,73,5,1733598000
222,12,5,1733601600
222,37,4,1733605200
222,44,5,1733608800
222,65,4,1733612400
222,15,2,1733616000
222,11,5,1733619600
222,69,3,1733623200
222,92,2,1733626800
222,20,2,1733630400
222,38,4,1733634000
222,83,4,1733637600
222,55,3,1733641200
222,95,5,1733644800
222,81,5,1733648400
222,43,5,1733652000
222,78,4,1733655600
222,16,5,1733659200
222,66,5,1733662800
222,89,3,1733666400
222,23,4,1733670000
222,21,4,1733673600
222,85,1,1733677200
222,46,3,1733680800
222,62,4,1733684400
222,32,2,1733688000
222,17,2,1733691600
222,53,4,1733695200
222,74,5,1733698800
222,76,5,1733702400
222,60,4,1733706000
222,61,4,1733709600
223,19,3,1733713200
223,83,5,1733716800
223,44,4,1733720400
223,92,4,1733724000
223,25,5,1733727600
223,87,5,1733731200
223,49,1,1733734800
223,17,5,1733738400
223,86,4,1733742000
223,12,4,1733745600
223,47,4,1733749200
223,50,4,1733752800
223,23,2,1733756400
223,65,4,1733760000
223,63,4,1733763600
223,75,4,1733767200
224,40,4,1733770800
224,11,5,1733774400
224,89,3,1733778000
224,71,1,1733781600
224,97,5,1733785200
224,81,1,1733788800
224,23,5,1733792400
224,9,3,1733796000
224,58,4,1733799600
224,7,5,1733803200
224,92,3,1733806800
224,88,5,1733810400
224,2,4,1733814000
224,75,4,1733817600
224,76,5,1733821200
224,29,4,1733824800
224,20,4,1733828400
224,10,5,1733832000
224,84,4,1733835600
224,94,3,1733839200
224,66,5,1733842800
224,87,5,1733846400
224,73,4,1733850000
224,39,4,1733853600
225,59,5,1733857200
225,37,2,1733860800
225,67,4,1733864400
225,8,5,1733868000
225,85,3,1733871600
225,60,4,1733875200
225,48,2,1733878800
225,41,4,1733882400
225,43,5,1733886000
225,30,3,1733889600
225,2,4,1733893200
225,82,5,1733896800
225,40,1,1733900400
225,53,5,1733904000
225,64,4,1733907600
225,23,5,1733911200
225,15,1,1733914800
225,11,2,1733918400
225,9,4,1733922000
225,20,4,1733925600
225,6,5,1733929200
225,76,1,1733932800
225,19,4,1733936400
225,65,2,1733940000
225,14,5,1733943600
225,62,5,1733947200
225,80,4,1733950800
225,1,3,1733954400
225,69,4,1733958000
225,100,3,1733961600
225,81,3,1733965200
225,26,4,1733968800
225,63,5,1733972400
225,58,5,1733976000
225,32,4,1733979600
225,12,4,1733983200
225,28,5,1733986800
225,16,4,1733990400
225,47,4,1733994000
225,89,5,1733997600
225,75,3,1734001200
225,99,2,1734004800
225,52,4,1734008400
225,33,2,1734012000
225,93,4,1734015600
225,83,4,1734019200
225,39,4,1734022800
225,5,5,1734026400
225,25,3,1734030000
225,51,4,1734033600
225,13,2,1734037200
225,90,4,1734040800
225,18,5,1734044400
225,34,4,1734048000
225,44,3,1734051600
225,7,4,1734055200
225,31,4,1734058800
225,46,3,1734062400
226,38,5,1734066000
226,99,2,1734069600
226,66,1,1734073200
226,100,4,1734076800
226,57,5,1734080400
226,14,3,1734084000
226,70,4,1734087600
226,46,5,1734091200
226,96,3,1734094800
226,40,5,1734098400
226,61,5,1734102000
226,41,5,1734105600
226,43,5,1734109200
226,82,4,1734112800
226,64,5,1734116400
226,93,4,1734120000
226,65,4,1734123600
226,2,3,1734127200
226,4,4,1734130800
226,12,3,1734134400
226,25,5,1734138000
227,82,5,1734141600
227,99,4,1734145200
227,69,3,1734148800
227,44,4,1734152400
227,48,5,1734156000
227,17,4,1734159600
227,59,4,1734163200
227,60,4,1734166800
227,61,2,1734170400
227,13,1,1734174000
227,34,3,1734177600
227,54,4,1734181200
227,22,5,1734184800
227,62,5,1734188400
227,43,5,1734192000
227,15,4,1734195600
227,78,5,1734199200
227,67,2,1734202800
227,50,2,1734206400
227,98,2,1734210000
227,45,4,1734213600
227,92,3,1734217200
227,6,3,1734220800
227,21,4,1734224400
228,60,5,1734228000
228,98,5,1734231600
228,90,2,1734235200
228,43,5,1734238800
228,70,5,1734242400
228,41,5,1734246000
228,2,5,1734249600
228,38,3,1734253200
228,16,4,1734256800
228,54,4,1734260400
228,99,2,1734264000
228,91,2,1734267600
228,14,5,1734271200
228,46,5,1734274800
228,10,3,1734278400
228,49,4,1734282000
228,59,4,1734285600
228,58,2,1734289200
228,95,5,1734292800
228,25,3,1734296400
228,51,5,1734300000
228,50,5,1734303600
228,34,4,1734307200
228,47,5,1734310800
228,29,3,1734314400
228,32,4,1734318000
229,37,5,1734321600
229,3,4,1734325200
229,16,4,1734328800
229,72,5,1734332400
229,14,1,1734336000
229,22,3,1734339600
229,18,2,1734343200
229,92,1,1734346800
229,41,3,1734350400
229,86,5,1734354000
229,28,3,1734357600
229,90,5,1734361200
229,80,2,1734364800
229,1,4,1734368400
229,60,5,1734372000
229,36,3,1734375600
229,21,5,1734379200
229,94,5,1734382800
229,11,4,1734386400
229,48,4,1734390000
229,9,5,1734393600
229,87,5,1734397200
229,65,3,1734400800
229,55,4,1734404400
229,77,4,1734408000
229,17,3,1734411600
229,31,5,1734415200
229,38,4,1734418800
230,78,4,1734422400
230,96,4,1734426000
230,58,1,1734429600
230,10,5,1734433200
230,14,4,1734436800
230,42,5,1734440400
230,68,4,1734444000
230,22,5,1734447600
230,64,5,1734451200
230,72,5,1734454800
230,66,4,1734458400
230,69,4,1734462000
230,8,4,1734465600
230,51,4,1734469200
230,67,3,1734472800
230,46,4,1734476400
230,59,3,1734480000
230,23,3,1734483600
230,33,2,1734487200
230,47,4,1734490800
230,6,3,1734494400
230,54,4,1734498000
230,39,5,1734501600
230,89,4,1734505200
230,41,5,1734508800
230,81,2,1734512400
230,11,5,1734516000
231,48,4,1734519600
231,66,5,1734523200
231,19,5,1734526800
231,24,4,1734530400
231,60,4,1734534000
231,31,4,1734537600
231,37,5,1734541200
231,84,4,1734544800
231,83,5,1734548400
231,55,3,1734552000
231,80,2,1734555600
231,49,2,1734559200
231,13,4,1734562800
231,97,4,1734566400
231,7,3,1734570000
231,36,4,1734573600
231,33,1,1734577200
231,16,3,1734580800
231,39,4,1734584400
231,23,5,1734588000
231,94,4,1734591600
231,42,5,1734595200
231,82,4,1734598800
231,68,3,1734602400
231,53,1,1734606000
231,92,5,1734609600
231,76,4,1734613200
231,90,4,1734616800
231,51,5,1734620400
231,75,3,1734624000
231,63,4,1734627600
231,59,5,1734631200
231,6,5,1734634800
231,17,5,1734638400
231,25,5,1734642000
231,38,4,1734645600
232,71,2,1734649200
232,18,5,1734652800
232,14,3,1734656400
232,77,4,1734660000
232,38,4,1734663600
232,17,5,1734667200
232,33,3,1734670800
232,41,2,1734674400
232,36,3,1734678000
232,27,3,1734681600
232,82,2,1734685200
232,50,5,1734688800
232,81,4,1734692400
232,76,3,1734696000
232,58,4,1734699600
232,86,5,1734703200
232,87,5,1734706800
232,66,5,1734710400
232,70,2,1734714000
232,31,5,1734717600
232,54,4,1734721200
232,55,4,1734724800
232,85,5,1734728400
232,62,5,1734732000
232,95,5,1734735600
232,98,3,1734739200
232,8,4,1734742800
232,59,5,1734746400
232,1,4,1734750000
232,4,2,1734753600
232,79,5,1734757200
232,94,1,1734760800
232,29,5,1734764400
233,59,3,1734768000
233,92,3,1734771600
233,64,5,1734775200
233,10,4,1734778800
233,31,4,1734782400
233,55,3,1734786000
233,97,4,1734789600
233,60,3,1734793200
233,35,4,1734796800
233,8,5,1734800400
233,61,4,1734804000
233,19,5,1734807600
233,45,1,1734811200
233,48,3,1734814800
233,89,2,1734818400
233,76,3,1734822000
233,3,2,1734825600
233,80,5,1734829200
233,53,4,1734832800
233,38,5,1734836400
233,51,1,1734840000
233,67,5,1734843600
233,2,5,1734847200
233,81,3,1734850800
233,79,4,1734854400
233,29,5,1734858000
233,87,4,1734861600
233,88,4,1734865200
233,12,4,1734868800
233,26,5,1734872400
233,85,5,1734876000
233,30,3,1734879600
233,14,5,1734883200
233,57,4,1734886800
233,75,4,1734890400
233,78,5,1734894000
233,69,4,1734897600
233,50,2,1734901200
233,1,4,1734904800
233,77,5,1734908400
233,70,5,1734912000
233,34,5,1734915600
233,44,1,1734919200
233,56,3,1734922800
233,4,4,1734926400
233,27,4,1734930000
233,11,3,1734933600
233,98,5,1734937200
233,46,3,1734940800
234,16,3,1734944400
234,29,4,1734948000
234,12,5,1734951600
234,46,5,1734955200
234,86,3,1734958800
234,92,3,1734962400
234,90,5,1734966000
234,31,1,1734969600
234,96,5,1734973200
234,23,1,1734976800
234,70,5,1734980400
234,14,5,1734984000
234,99,3,1734987600
234,47,2,1734991200
234,75,4,1734994800
234,79,3,1734998400
234,94,4,1735002000
234,57,5,1735005600
234,58,3,1735009200
234,8,4,1735012800
234,82,5,1735016400
234,32,4,1735020000
234,34,4,1735023600
234,27,5,1735027200
234,33,5,1735030800
235,98,2,1735034400
235,10,4,1735038000
235,84,4,1735041600
235,92,5,1735045200
235,15,4,1735048800
235,72,3,1735052400
235,21,4,1735056000
235,37,5,1735059600
235,47,4,1735063200
235,8,5,1735066800
235,33,3,1735070400
235,35,5,1735074000
235,31,4,1735077600
235,97,3,1735081200
235,51,5,1735084800
235,44,4,1735088400
235,22,5,1735092000
235,9,5,1735095600
235,88,2,1735099200
235,5,5,1735102800
235,7,5,1735106400
235,42,5,1735110000
235,57,4,1735113600
235,100,3,1735117200
235,11,4,1735120800
235,28,5,1735124400
235,3,5,1735128000
235,19,4,1735131600
235,81,3,1735135200
235,76,5,1735138800
235,60,5,1735142400
235,77,5,1735146000
235,54,1,1735149600
235,74,1,1735153200
235,62,4,1735156800
235,48,3,1735160400
235,49,5,1735164000
235,73,4,1735167600
235,95,5,1735171200
235,43,3,1735174800
235,64,4,1735178400
235,36,4,1735182000
235,89,4,1735185600
235,86,4,1735189200
235,53,4,1735192800
236,42,5,1735196400
236,92,5,1735200000
236,62,5,1735203600
236,6,5,1735207200
236,17,5,1735210800
236,57,4,1735214400
236,40,4,1735218000
236,32,4,1735221600
236,44,1,1735225200
236,90,3,1735228800
236,15,4,1735232400
236,26,1,1735236000
236,7,5,1735239600
236,84,5,1735243200
236,68,3,1735246800
236,33,5,1735250400
236,49,5,1735254000
236,65,4,1735257600
237,81,3,1735261200
237,55,3,1735264800
237,4,5,1735268400
237,56,5,1735272000
237,26,5,1735275600
237,5,4,1735279200
237,14,4,1735282800
237,82,4,1735286400
237,35,2,1735290000
237,80,4,1735293600
237,27,4,1735297200
237,68,4,1735300800
237,33,4,1735304400
237,2,5,1735308000
237,86,5,1735311600
237,71,5,1735315200
237,48,4,1735318800
237,100,4,1735322400
237,24,2,1735326000
237,78,2,1735329600
237,22,4,1735333200
237,90,4,1735336800
237,12,5,1735340400
237,37,4,1735344000
237,3,5,1735347600
237,40,5,1735351200
237,42,2,1735354800
237,44,4,1735358400
237,19,5,1735362000
237,47,4,1735365600
237,15,3,1735369200
237,36,5,1735372800
237,72,5,1735376400
237,98,5,1735380000
237,63,4,1735383600
237,8,4,1735387200
237,69,4,1735390800
237,88,4,1735394400
237,75,4,1735398000
237,73,3,1735401600
237,23,5,1735405200
237,41,5,1735408800
237,50,5,1735412400
237,1,5,1735416000
238,97,2,1735419600
238,25,5,1735423200
238,99,4,1735426800
238,34,4,1735430400
238,83,4,1735434000
238,62,4,1735437600
238,92,3,1735441200
238,20,3,1735444800
238,22,2,1735448400
238,1,4,1735452000
238,72,2,1735455600
238,55,3,1735459200
238,28,2,1735462800
238,56,2,1735466400
238,74,5,1735470000
238,51,5,1735473600
238,19,5,1735477200
238,6,4,1735480800
238,7,5,1735484400
238,66,4,1735488000
238,84,4,1735491600
238,16,4,1735495200
238,96,4,1735498800
238,5,5,1735502400
238,82,5,1735506000
238,50,5,1735509600
238,23,4,1735513200
238,36,5,1735516800
238,4,5,1735520400
238,32,4,1735524000
238,76,5,1735527600
238,68,1,1735531200
238,88,2,1735534800
238,77,1,1735538400
238,33,5,1735542000
238,14,2,1735545600
238,80,1,1735549200
238,52,2,1735552800
238,8,4,1735556400
238,2,4,1735560000
238,10,2,1735563600
238,67,4,1735567200
238,9,3,1735570800
238,18,3,1735574400
238,12,5,1735578000
238,47,5,1735581600
238,85,4,1735585200
238,17,4,1735588800
238,41,5,1735592400
238,57,4,1735596000
238,93,5,1735599600
238,64,4,1735603200
238,59,3,1735606800
238,29,5,1735610400
238,75,5,1735614000
238,63,4,1735617600
238,98,3,1735621200
238,24,5,1735624800
238,100,3,1735628400
239,62,1,1735632000
239,57,5,1735635600
239,70,2,1735639200
239,73,4,1735642800
239,75,2,1735646400
239,46,3,1735650000
239,28,3,1735653600
239,61,4,1735657200
239,40,5,1735660800
239,37,4,1735664400
239,8,5,1735668000
239,23,5,1735671600
239,74,5,1735675200
239,50,5,1735678800
239,19,4,1735682400
239,69,5,1735686000
239,3,4,1735689600
239,38,2,1735693200
240,28,5,1735696800
240,40,5,1735700400
240,19,5,1735704000
240,98,2,1735707600
240,94,5,1735711200
240,30,1,1735714800
240,80,4,1735718400
240,33,3,1735722000
240,39,5,1735725600
240,29,3,1735729200
240,83,1,1735732800
240,100,4,1735736400
240,43,2,1735740000
240,52,3,1735743600
240,46,4,1735747200
240,58,3,1735750800
240,38,3,1735754400
240,75,3,1735758000
240,7,2,1735761600
240,51,4,1735765200
240,97,5,1735768800
240,79,4,1735772400
240,44,2,1735776000
240,68,4,1735779600
240,49,4,1735783200
240,77,4,1735786800
240,67,4,1735790400
240,57,3,1735794000
240,84,2,1735797600
240,32,4,1735801200
240,82,1,1735804800
240,92,4,1735808400
240,55,4,1735812000
241,12,5,1735815600
241,91,4,1735819200
241,92,1,1735822800
241,54,3,1735826400
241,52,4,1735830000
241,72,5,1735833600
241,26,3,1735837200
241,62,5,1735840800
241,47,4,1735844400
241,88,4,1735848000
241,81,1,1735851600
241,49,5,1735855200
241,21,5,1735858800
241,67,3,1735862400
241,56,5,1735866000
241,43,4,1735869600
241,79,5,1735873200
241,97,5,1735876800
241,48,5,1735880400
241,2,5,1735884000
241,4,5,1735887600
241,87,5,1735891200
241,75,3,1735894800
241,39,4,1735898400
241,36,4,1735902000
241,99,5,1735905600
241,42,4,1735909200
241,73,2,1735912800
241,74,5,1735916400
241,71,5,1735920000
241,35,4,1735923600
241,58,3,1735927200
241,61,1,1735930800
241,63,3,1735934400
241,44,5,1735938000
241,40,5,1735941600
241,6,2,1735945200
241,27,4,1735948800
241,28,5,1735952400
241,100,3,1735956000
241,96,4,1735959600
241,46,5,1735963200
241,95,5,1735966800
241,25,4,1735970400
241,85,5,1735974000
241,90,4,1735977600
241,11,3,1735981200
241,57,3,1735984800
241,80,4,1735988400
242,75,3,1735992000
242,14,3,1735995600
242,26,3,1735999200
242,33,3,1736002800
242,78,4,1736006400
242,99,5,1736010000
242,36,2,1736013600
242,93,5,1736017200
242,12,3,1736020800
242,74,3,1736024400
242,48,5,1736028000
242,82,5,1736031600
242,30,5,1736035200
242,72,2,1736038800
242,16,5,1736042400
242,87,5,1736046000
242,96,4,1736049600
242,9,5,1736053200
242,35,5,1736056800
242,62,5,1736060400
242,22,5,1736064000
242,61,4,1736067600
242,91,5,1736071200
242,8,3,1736074800
242,2,5,1736078400
242,98,4,1736082000
242,13,5,1736085600
242,100,4,1736089200
242,76,5,1736092800
242,34,4,1736096400
242,71,4,1736100000
242,77,5,1736103600
242,6,2,1736107200
242,46,4,1736110800
242,23,4,1736114400
242,27,4,1736118000
242,32,4,1736121600
242,56,3,1736125200
242,70,3,1736128800
242,41,5,1736132400
242,21,5,1736136000
242,88,5,1736139600
242,19,1,1736143200
242,45,5,1736146800
242,86,4,1736150400
242,81,5,1736154000
242,57,4,1736157600
242,63,1,1736161200
242,64,5,1736164800
242,95,4,1736168400
242,40,5,1736172000
242,52,5,1736175600
242,58,4,1736179200
243,34,4,1736182800
243,4,5,1736186400
243,56,3,1736190000
243,24,2,1736193600
243,15,5,1736197200
243,9,4,1736200800
243,64,5,1736204400
243,73,4,1736208000
243,65,3,1736211600
243,22,5,1736215200
243,58,4,1736218800
243,1,5,1736222400
243,50,5,1736226000
243,55,3,1736229600
243,81,2,1736233200
243,80,3,1736236800
243,72,2,1736240400
243,21,3,1736244000
243,99,4,1736247600
243,42,5,1736251200
243,16,5,1736254800
243,40,5,1736258400
243,89,1,1736262000
243,68,4,1736265600
243,37,5,1736269200
243,88,2,1736272800
243,26,5,1736276400
243,27,5,1736280000
243,8,4,1736283600
243,93,5,1736287200
243,49,2,1736290800
243,63,5,1736294400
243,11,1,1736298000
243,71,3,1736301600
243,20,5,1736305200
243,66,5,1736308800
243,76,4,1736312400
243,13,4,1736316000
243,61,5,1736319600
243,84,5,1736323200
243,92,5,1736326800
243,28,5,1736330400
243,91,5,1736334000
243,98,5,1736337600
243,97,4,1736341200
243,82,2,1736344800
243,86,3,1736348400
243,33,5,1736352000
243,51,5,1736355600
243,35,4,1736359200
243,47,4,1736362800
243,3,1,1736366400
243,38,4,1736370000
243,74,4,1736373600
243,78,4,1736377200
243,75,5,1736380800
243,19,2,1736384400
244,33,3,1736388000
244,6,3,1736391600
244,10,4,1736395200
244,25,5,1736398800
244,56,4,1736402400
244,30,1,1736406000
244,16,5,1736409600
244,36,5,1736413200
244,86,3,1736416800
244,49,4,1736420400
244,94,1,1736424000
244,31,4,1736427600
244,54,4,1736431200
244,78,4,1736434800
244,37,3,1736438400
244,65,5,1736442000
244,52,3,1736445600
244,38,4,1736449200
244,67,3,1736452800
244,87,4,1736456400
244,76,3,1736460000
244,41,4,1736463600
244,47,4,1736467200
244,55,1,1736470800
244,53,1,1736474400
244,61,4,1736478000
244,14,3,1736481600
244,27,4,1736485200
244,84,4,1736488800
244,51,5,1736492400
244,57,5,1736496000
244,64,4,1736499600
244,17,5,1736503200
244,19,5,1736506800
244,69,5,1736510400
244,80,3,1736514000
244,48,5,1736517600
244,24,5,1736521200
244,18,4,1736524800
244,98,4,1736528400
244,96,5,1736532000
244,70,4,1736535600
244,34,4,1736539200
244,20,5,1736542800
244,40,4,1736546400
244,42,3,1736550000
245,21,3,1736553600
245,20,5,1736557200
245,96,4,1736560800
245,63,3,1736564400
245,35,3,1736568000
245,53,4,1736571600
245,80,1,1736575200
245,41,4,1736578800
245,57,5,1736582400
245,23,4,1736586000
245,78,4,1736589600
245,91,4,1736593200
245,60,3,1736596800
245,76,5,1736600400
245,8,5,1736604000
245,58,4,1736607600
245,14,4,1736611200
245,93,4,1736614800
245,33,5,1736618400
245,28,5,1736622000
245,89,5,1736625600
245,13,4,1736629200
245,98,5,1736632800
245,73,5,1736636400
246,90,4,1736640000
246,51,1,1736643600
246,39,5,1736647200
246,6,5,1736650800
246,47,3,1736654400
246,95,1,1736658000
246,28,3,1736661600
246,29,5,1736665200
246,27,3,1736668800
246,19,3,1736672400
246,45,1,1736676000
246,15,3,1736679600
246,100,5,1736683200
246,99,5,1736686800
246,18,4,1736690400
246,53,3,1736694000
246,33,5,1736697600
246,46,5,1736701200
246,25,4,1736704800
246,66,2,1736708400
246,92,5,1736712000
246,3,5,1736715600
246,31,5,1736719200
246,75,4,1736722800
246,79,4,1736726400
246,63,5,1736730000
246,78,5,1736733600
246,32,5,1736737200
246,84,2,1736740800
246,30,4,1736744400
246,1,4,1736748000
246,7,5,1736751600
247,53,5,1736755200
247,49,4,1736758800
247,23,5,1736762400
247,55,4,1736766000
247,92,5,1736769600
247,9,2,1736773200
247,16,4,1736776800
247,69,5,1736780400
247,7,5,1736784000
247,60,3,1736787600
247,42,4,1736791200
247,31,4,1736794800
247,47,4,1736798400
247,83,5,1736802000
247,61,4,1736805600
247,24,4,1736809200
247,78,2,1736812800
247,36,1,1736816400
247,50,5,1736820000
247,5,4,1736823600
247,8,4,1736827200
247,41,4,1736830800
247,32,2,1736834400
247,95,4,1736838000
247,56,3,1736841600
247,72,5,1736845200
247,13,5,1736848800
247,28,5,1736852400
247,45,4,1736856000
247,87,4,1736859600
247,18,5,1736863200
247,86,4,1736866800
247,37,4,1736870400
247,35,4,1736874000
247,99,5,1736877600
247,48,4,1736881200
247,43,5,1736884800
247,75,5,1736888400
247,79,5,1736892000
247,96,4,1736895600
247,22,5,1736899200
247,76,2,1736902800
247,81,5,1736906400
247,39,3,1736910000
247,66,4,1736913600
247,40,5,1736917200
247,46,4,1736920800
247,26,4,1736924400
247,51,3,1736928000
247,63,5,1736931600
247,2,2,1736935200
247,14,1,1736938800
247,71,5,1736942400
248,95,3,1736946000
248,43,5,1736949600
248,71,5,1736953200
248,58,5,1736956800
248,74,5,1736960400
248,59,1,1736964000
248,13,2,1736967600
248,98,4,1736971200
248,1,2,1736974800
248,73,5,1736978400
248,53,4,1736982000
248,10,4,1736985600
248,88,5,1736989200
248,8,5,1736992800
248,31,5,1736996400
248,34,5,1737000000
248,32,4,1737003600
248,77,2,1737007200
248,48,2,1737010800
248,89,1,1737014400
248,72,1,1737018000
248,11,5,1737021600
248,33,5,1737025200
248,84,5,1737028800
248,96,5,1737032400
248,94,4,1737036000
248,18,3,1737039600
248,6,5,1737043200
248,66,3,1737046800
248,70,5,1737050400
248,87,3,1737054000
248,2,5,1737057600
248,49,5,1737061200
248,85,4,1737064800
248,30,2,1737068400
248,29,4,1737072000
248,63,4,1737075600
248,38,3,1737079200
248,86,5,1737082800
248,12,5,1737086400
248,47,4,1737090000
248,99,4,1737093600
248,7,5,1737097200
248,55,3,1737100800
248,40,2,1737104400
248,50,1,1737108000
248,19,1,1737111600
248,3,4,1737115200
248,4,3,1737118800
248,81,5,1737122400
248,26,5,1737126000
248,17,4,1737129600
248,27,4,1737133200
249,15,5,1737136800
249,68,4,1737140400
249,44,4,1737144000
249,96,5,1737147600
249,83,4,1737151200
249,47,3,1737154800
249,18,3,1737158400
249,71,3,1737162000
249,43,4,1737165600
249,75,3,1737169200
249,61,4,1737172800
249,3,5,1737176400
249,25,5,1737180000
249,66,5,1737183600
249,56,3,1737187200
249,93,2,1737190800
249,53,4,1737194400
249,26,3,1737198000
249,52,2,1737201600
249,22,4,1737205200
249,50,4,1737208800
249,80,5,1737212400
249,72,4,1737216000
249,32,5,1737219600
249,69,5,1737223200
250,95,5,1737226800
250,43,5,1737230400
250,82,4,1737234000
250,65,4,1737237600
250,57,1,1737241200
250,50,2,1737244800
250,58,5,1737248400
250,74,4,1737252000
250,85,4,1737255600
250,83,5,1737259200
250,10,4,1737262800
250,70,5,1737266400
250,60,5,1737270000
250,18,2,1737273600
250,51,5,1737277200
250,19,2,1737280800
250,39,5,1737284400
250,88,4,1737288000
250,34,5,1737291600
250,98,5,1737295200
250,80,4,1737298800
250,72,4,1737302400
250,11,5,1737306000
250,79,5,1737309600
250,81,5,1737313200
250,45,5,1737316800
250,94,3,1737320400
250,99,5,1737324000
250,42,4,1737327600
250,17,5,1737331200
250,21,5,1737334800
250,47,3,1737338400
250,61,3,1737342000
250,2,2,1737345600
250,76,4,1737349200
250,38,3,1737352800
250,31,4,1737356400
250,89,2,1737360000
250,56,4,1737363600
250,25,3,1737367200
250,22,4,1737370800
250,84,2,1737374400
250,7,5,1737378000
250,4,2,1737381600
250,28,1,1737385200
250,35,5,1737388800
250,40,3,1737392400
250,96,5,1737396000
250,62,5,1737399600
250,15,4,1737403200
250,49,4,1737406800
250,13,4,1737410400
250,6,4,1737414000
250,24,4,1737417600
250,91,3,1737421200
250,64,4,1737424800
250,23,5,1737428400
250,48,3,1737432000
